id;nev;mobil_gyarto;mobil_modell;mobil_os;mobil_gyartasi_ev
1;Dougie Wenzel;Micromax;Micromax A75;Android 2.3;2011
2;Sissy Copplestone;Amoi;Amoi S6;Feature phone;2003
3;Ethelin Waldram;LG;LG Q51;Android 10;2020
4;Connie Andreopolos;Xiaomi;Xiaomi Redmi K30 Pro;Android 10, MIUI 11;2020
5;Alice Pietzner;Coolpad;Coolpad Legacy 5G;Android 10;0
6;Lammond Huckin;Huawei;Huawei Y9 Prime (2019);Android 9.0, up to Android 10, Magic UI 2.1;2019
7;Marnie Geri;Motorola;Motorola Talkabout T192;Feature phone;2001
8;Joli O'Day;Unnecto;Unnecto Air 4.5;Android 4.4.2;2015
9;Brucie Hulks;Orange;Orange Rono;Android 4.4.2;2014
10;Nelly MacNeilley;LG;LG G Pad 8.0;Android 4.4.2, up to 5.0;2014
11;Babs Kippen;Sony;Sony Xperia XA1 Plus;Android 7.0, up to Android 8.0;2017
12;Hildagarde Abraham;LG;LG KF310;Feature phone;2008
13;Jazmin Sayburn;Asus;Asus Fonepad 7 FE375CL;Android 5.0.1;2015
14;Stan Gutherson;BLU;BLU Studio Energy;Android 4.4.2;2015
15;Fredelia Fritzer;Amoi;Amoi H815;Feature phone;2006
16;Patrizius Manoch;BLU;BLU Grand XL;Android 7.0;2017
17;Em Harber;Lava;Lava A73;Android 6.0;2017
18;Johnny Davidson;Motorola;Motorola Moto G Stylus (2021);Android 10;2021
19;Dore De Micoli;BLU;BLU Studio G LTE;Android 5.1;2015
20;Rosalinda Moulin;ZTE;ZTE E N72;Microsoft Windows Mobile Professional;2010
21;Andrew Wickersham;alcatel;alcatel Hero;Android 4.2.2;2014
22;Hammad Posse;Panasonic;Panasonic GD70;Feature phone;1999
23;Raynor Cumbridge;Sony;Sony Xperia Z2a;Android 4.4.2;2014
24;Dasi Boffey;HTC;HTC One mini;Android 4.2.2, up to 5.0, Sense UI;2013
25;Clareta Harmson;Samsung;Samsung E690;Feature phone;2006
26;Hirsch Brideaux;Meizu;Meizu M1 Note;Android 4.4.4, Flyme 4;2015
27;Augusta Darrel;Oppo;Oppo R2001 Yoyo;Android 4.2.1;2014
28;Henryetta Shaddick;ZTE;ZTE Blade L3 Plus;Android 4.4.2;2015
29;Feliza Garside;Samsung;Samsung Galaxy A12;Android 10, up to Android 11, One UI 3.1;2020
30;Tobie Grolle;Celkon;Celkon C90;Feature phone;2012
31;Dolley Kiff;Huawei;Huawei Y Max;Android 8.1, EMUI 8.2;2018
32;Avis Durbyn;Sony;Sony Ericsson M608;Symbian 9.1, UIQ 3.0;2006
33;Gusella Spellward;Plum;Plum Tracer II;Feature phone;2011
34;Christabel Strelitzki;Sharp;Sharp Aquos S3 High;Android 8.0;2018
35;Delmore Newvill;Samsung;Samsung Galaxy Tab A 8.4 (2020);Android 10, up to Android 11, One UI 3.1;2020
36;Zerk Carlucci;Sony;Sony Ericsson Xperia mini pro;Android 2.3, 4.0, not up to 4.1;2011
37;Berty Leafe;vivo;vivo Y15S (2015);Android 5.1;2015
38;Rochette Oxherd;Celkon;Celkon C9 Jumbo;Feature phone;2014
39;Ardenia Pallis;Huawei;Huawei Ascend G330D U8825D;Android 4.0.4;2012
40;Dotty Ribeiro;Asus;Asus P552w;Microsoft Windows Mobile 6.1 Professional;2008
41;Caralie Siddaley;Nokia;Nokia 3250;Symbian 9.1, Series 60 rel. 3.0;2005
42;Joly Cussins;BenQ;BenQ F3;Android 4.2.2;2013
43;Mitchael Keme;Xiaomi;Xiaomi Redmi 4 Prime;Android 6.0.1, MIUI 8;2016
44;Renaldo Ellingsworth;Samsung;Samsung Galaxy J5 Prime;Android 6.0.1, up to Android 8.0;2016
45;Dodi Palfrey;Lava;Lava X41 Plus;Android 6.0;2016
46;Barby Erbe;Nokia;Nokia 6060;Feature phone;2005
47;Angie Grubbe;QMobile;QMobile Noir A115 ATV;Android 4.2;2014
48;Gilli Le Sieur;Yezz;Yezz Andy 5EI;Android 4.4.2;2014
49;Morissa Meeny;LG;LG M6100;Feature phone;2006
50;Leila Rieger;Lava;Lava Iris 506Q;Android 4.2;2013
51;Sawyere Yushin;Samsung;Samsung E2232;Feature phone;2011
52;Liliane Bispham;Huawei;Huawei Ascend Y210D;Android 2.3.6;2013
53;Manolo Andrioli;Bird;Bird S590;Feature phone;2005
54;Sheffy Windross;Samsung;Samsung C3752;Feature phone;2011
55;Ariel Teaze;Archos;Archos 55 Cobalt Plus;Android 5.1.1;2016
56;Andres Grubey;Samsung;Samsung C3780;Feature phone;2012
57;Romonda Peirce;Motorola;Motorola XT810;Android-based OPhone 2.0;2010
58;Hoebart Rentoll;vivo;vivo Xplay6;Android 6.1, up to Android 8, Funtouch 3;2016
59;Joellyn Walklate;Plum;Plum Might LTE;Android 4.4.2;2014
60;Sheelagh Gronav;vivo;vivo Xplay7;Android 7.1, Funtouch 3.2;0
61;Alejandrina McLanaghan;Nokia;Nokia 110 (2019);Feature phone;2019
62;Bear Menere;Sony;Sony Ericsson Xperia PLAY CDMA;Android 2.3.4;2011
63;Amalia Ferrini;Samsung;Samsung Galaxy Win I8550;Android 4.1.2;2013
64;Stefanie Bartosinski;Samsung;Samsung Ch@t 322 Wi-Fi;Feature phone;2011
65;Germain Paroni;Realme;Realme 6S;Android 11, Realme UI 2.0;2020
66;Katherine Valentino;Micromax;Micromax Ninja A91;Android 4.0;2013
67;Dorie Bluschke;BLU;BLU Texting 2 GO;Feature phone;2010
68;Gaspard Stiddard;Samsung;Samsung Galaxy Tab S5e;Android 9.0, up to Android 11, One UI 3.1;2019
69;Caritta Shepton;O2;O2 Cosmo;Microsoft Windows Mobile 5.0 Smartphone;2006
70;Andre Swetland;Haier;Haier M320+;Feature phone;2010
71;Camey Ivakhno;vivo;vivo U10;Android 9.0, Funtouch 9.1;2019
72;Rene Gauch;Huawei;Huawei G6608;Feature phone;2011
73;Abramo Macari;Celkon;Celkon A42;Android 4.2.2;2014
74;Law Darwood;LG;LG L70 D320N;Android 4.4.2, LG UI 3;2014
75;Arvie Tetley;Celkon;Celkon C607;Feature phone;2012
76;Nanon Stebbins;Celkon;Celkon A64;Android 4.2.2;2014
77;Dorie Lornsen;Motorola;Motorola V226;Feature phone;2004
78;Pen Noto;Samsung;Samsung X900;Feature phone;0
79;Kasper Penas;Gigabyte;Gigabyte GSmart G1317 Rola;Android 2.2;2011
80;Shirlee McCloy;Sony;Sony Xperia XZ1 Compact;Android 8.0, up to Android 9.0;2017
81;Ruperta Marchelli;vivo;vivo V1;Android 5.0, Funtouch 2.1;2015
82;Maria Rolfi;Coolpad;Coolpad Mega 3;Android 6.0, Cool UI;2016
83;Morissa Daltry;Acer;Acer Liquid M320;Microsoft Windows 10;2015
84;Durward McDougle;Samsung;Samsung L310;Feature phone;2008
85;Rickey Heckner;LG;LG GS290 Cookie Fresh;Feature phone;2010
86;Jojo Battista;LG;LG KG130;Feature phone;2007
87;Teressa Koppe;Realme;Realme Narzo 20A;Android 10, Realme UI;2020
88;Major Warburton;Celkon;Celkon C66;Feature phone;2011
89;Hunter Spindler;BLU;BLU Vivo 4.65 HD;Android 4.0;2013
90;Leonid Nealey;Xiaomi;Xiaomi Redmi 4 (China);Android 6.0.1, MIUI 8;2016
91;Clemmy Rawsthorne;BlackBerry;BlackBerry Storm3;BlackBerry OS 6.1;0
92;Hersch Banane;XOLO;XOLO Q1000s;Android 4.2;2013
93;Jessi Carnock;Oppo;Oppo R5;Android 4.4.4, ColorOS 2;2014
94;Stefan Jedrzaszkiewicz;BLU;BLU Vivo XL3 Plus;Android 7.1.2;2018
95;Leela Belasco;Yezz;Yezz CC40;Feature phone;2016
96;Tabbitha Oxlade;Huawei;Huawei U8180 IDEOS X1;Android 2.2;2011
97;Avrit Grealy;BLU;BLU Vivo XI;Android 8.1, up to Android 9.0;2018
98;Kristen Mont;Asus;Asus J502;Feature phone;2007
99;Roselin Ludy;HTC;HTC One (M8) dual sim;Android 4.4.2, up to 4.4.4, Sense UI 6;2014
100;Aurore Weathey;ZTE;ZTE Blade G;Android 4.4.2;2015
101;Jessalin Mitchenson;LG;LG KG330;Feature phone;2006
102;Margy Jambrozek;Oppo;Oppo A39;Android 5.1, ColorOS 3;2017
103;Jana Meecher;Nokia;Nokia 1650;Feature phone;2008
104;Phedra Squirrel;Sony;Sony Xperia M5 Dual;Android 5.0, up to 5.1;2015
105;Leesa Naptin;Philips;Philips X550;Feature phone;2009
106;Lannie Bellward;alcatel;alcatel Pixi 3 (10);Android 5.0;2015
107;Johnathon Kopfen;HTC;HTC A12;Android 4.4.4, Sense UI;0
108;Raynell Sturgeon;BLU;BLU Deco Mini;Feature phone;2011
109;Charissa O'Lunny;Samsung;Samsung P710;Feature phone;2004
110;Cathrin Prisk;Nokia;Nokia Lumia 930;Microsoft Windows Phone 8.1, up to Windows 10;2014
111;Corinna Mallison;HTC;HTC Windows Phone 8S;Microsoft Windows Phone 8, up to WP8 GDR3;2012
112;Manon Johnston;Allview;Allview P5 Quad;Android 4.1;2013
113;Binni MacCleay;Amoi;Amoi CMA8170;Feature phone;2007
114;Justinian Cicchelli;vivo;vivo Y83 Pro;Android 8.1, Funtouch 4;2018
115;Harwilll Bilsland;alcatel;alcatel OT-995;Android 2.3, up to 4.0;2012
116;Harmon Raymen;Micromax;Micromax A47 Bolt;Android 4.2;2014
117;Staford D'Alesco;Huawei;Huawei G6310;Feature phone;2012
118;Erinn Georgi;Xiaomi;Xiaomi Mi Note 10 Pro;Android 9.0, up to Android 10, MIUI 12;2019
119;Paige Norville;Sony;Sony CMD J7;Feature phone;2001
120;Essy Hadland;Qtek;Qtek 9000;Microsoft Windows Mobile 5.0 PocketPC;2005
121;Ramonda Bissatt;Asus;Asus Transformer Prime TF700T;Android 4.0;2012
122;Wallie Beckey;BLU;BLU Studio Energy;Android 4.4.2;2015
123;Alain Sail;Samsung;Samsung P220;Feature phone;2008
124;Andrei Scedall;Nokia;Nokia N71;Symbian, Series 60 UI;2005
125;Sayers Ingold;Siemens;Siemens SL75;Feature phone;2005
126;Trever Aksell;Plum;Plum Hammer;Feature phone;2012
127;Terrell Melesk;Gigabyte;Gigabyte GSmart 2005;"Microsoft Windows Mobile 5.0 for &hellip;";2005
128;Farly Kollaschek;Meizu;Meizu M8c;Android 7.0, Flyme UI;2018
129;Clio Lanon;T-Mobile;T-Mobile Wing;Microsoft Windows Mobile 6 Professional;2006
130;Rosita Gatehouse;HTC;HTC Wildfire CDMA;Android 2.1, up to 2.3, Sense UI;2010
131;Roosevelt Dennick;Oppo;Oppo RX17 Neo;Android 8.1, ColorOS 5.2;2018
132;Brice Pagelsen;Prestigio;Prestigio MultiPad 7.0 Pro Duo;Android 4.0;2013
133;Lexine Snodin;BLU;BLU Vivo 8;Android 7.0;2017
134;Aline Kitcat;Gigabyte;Gigabyte GSmart MW998;Microsoft Windows Mobile 6.0 Professional;2008
135;Reba Shortell;LG;LG Optimus 2 AS680;Android 2.3;2011
136;Ban Adamthwaite;Celkon;Celkon C10;Feature phone;2011
137;Jo-ann Honywill;LG;LG Escape P870;Android 4.0.4;2012
138;Dianne Syde;YU;YU Yureka;Android 4.4.4, up to 5.1;2015
139;Brook Standing;alcatel;alcatel OT-908F;Android 2.2;2011
140;Monti Rockcliffe;Dell;Dell Venue 8 7000;Android 4.4.2, up to 5.0.2;2015
141;Gualterio McLugish;alcatel;alcatel OT 756;Feature phone;2004
142;Ebony Gilders;Samsung;Samsung Galaxy View2;Android 8.1;2019
143;Thorstein Tripp;BLU;BLU Touch Book 7.0 Plus;Android 4.0;2012
144;Kathe Leggs;Tecno;Tecno Spark 4 Lite;Android 9.0, HIOS 5.5;2019
145;Kurtis Massie;Huawei;Huawei Ascend G6 4G;Android 4.3, EMUI Lite 2;2014
146;Sally Adenet;Lenovo;Lenovo A7-50 A3500;Android 4.2.2, up to 4.4.2;2014
147;Jolynn Frie;Haier;Haier M1000;Feature phone;2005
148;Rachael Bowle;Meizu;Meizu M2;Android 5.1, Flyme 4.5;2015
149;Cleon Mathewson;HTC;HTC S710;Microsoft Windows Mobile 6.0 Standard;2007
150;Karie Fairpool;HTC;HTC Titan II;Microsoft Windows Phone 7.5 Mango;2012
151;Terrance Nabbs;Motorola;Motorola DROID 2 Global;Android 2.2, up to 2.3;2010
152;Merla McAvaddy;T-Mobile;T-Mobile SpringBoard;Android 3.2, up to 4.0;2011
153;Tatum Favill;LG;LG Optimus Vu II;Android 4.0.4;0
154;Armand Joyce;Samsung;Samsung U810 Renown;Feature phone;2008
155;Abigale Greeson;i-mobile;i-mobile 5220;Feature phone;2010
156;Shaylyn Northover;Huawei;Huawei nova 7 SE 5G Youth;Android 10, EMUI 10.1;2020
157;Carol-jean Hirsthouse;Motorola;Motorola EX300;Feature phone;2010
158;Georg Winch;Intex;Intex Aqua Power;Android 4.4.2;2014
159;Nikolai Kelson;LG;LG K40;Android 8.1, LG UX 7;2019
160;Doretta Franca;i-mate;i-mate JAM Black;Microsoft Windows Mobile 2003 SE PocketPC;2005
161;Roze Ferreri;Archos;Archos 45 Platinum;Android 4.1.2;2013
162;Egbert Mattosoff;Sewon;Sewon SRD-3000;Feature phone;2004
163;Don Yearnes;HTC;HTC Desire 816G dual sim;Android 4.4.2, Sense UI 6;2014
164;Guthry Farran;Spice;Spice M-5252;Feature phone;2010
165;Clementine Ragless;BenQ-Siemens;BenQ-Siemens A53;Feature phone;2007
166;Magnum Helversen;Samsung;Samsung I8520 Galaxy Beam;Android 2.1;2010
167;Nickie Butts;ZTE;ZTE Axon 11 5G;Android 10, MiFavor 10;2020
168;Spencer Giacomazzo;Samsung;Samsung Z110;Feature phone;2004
169;Nedda Reucastle;BlackBerry;BlackBerry Style 9670;BlackBerry OS 6.0;2010
170;Kort Varfalameev;Lenovo;Lenovo S60;Android 4.4.2, up to 5;2015
171;Vergil Neild;Sharp;Sharp Aquos V;Android 9.0;2019
172;Clim Minillo;Oppo;Oppo Reno 10x zoom;Android 9.0, up to Android 11, ColorOS 11;2019
173;Timoteo Finlow;Motorola;Motorola WX161;Feature phone;2010
174;Durward Bitten;LG;LG DoublePlay;Android 2.3;2011
175;Ian Clemes;Xiaomi;Xiaomi Redmi Note 9 4G;Android 10, MIUI 12;2020
176;Lucinda Maybury;alcatel;alcatel OT-906;Android 2.2;2011
177;Ruthie Byars;i-mobile;i-mobile 520;Feature phone;2007
178;Obidiah Kenson;BLU;BLU Studio X;Android 4.4.2, up to 5.0;2015
179;Bonni Hasker;Microsoft;Microsoft Lumia 435;Microsoft Windows Phone 8.1, up to Windows 10;2015
180;Cullan Murrhardt;verykool;verykool i650;Feature phone;2011
181;Imogen Menelaws;Vodafone;Vodafone 945;Android 2.1;2010
182;Bertie Hunn;Nokia;Nokia 1662;Feature phone;2009
183;Bili Sallnow;BlackBerry;BlackBerry 6230;BlackBerry OS;2003
184;Marilin Ugolotti;verykool;verykool i725;Feature phone;2011
185;Ranique Lipman;Karbonn;Karbonn A16;Android 4.2;2014
186;Ursa Lendrem;Motorola;Motorola C975;Feature phone;2004
187;Dena Juanes;Samsung;Samsung M260 Factor;Feature phone;2011
188;Lamond O'Deegan;Philips;Philips D813;Feature phone;2011
189;Nanine Terese;Nokia;Nokia 230 Dual SIM;Feature phone;2015
190;Rochella Ferreres;Nokia;Nokia Asha 205;Feature phone;2012
191;Mackenzie Greyes;Spice;Spice Mi-422 Smartflo Pace;Android 4.0;2013
192;Hyatt Donnachie;Samsung;Samsung E1117;Feature phone;2009
193;Barrie Surr;Apple;Apple iPhone 7;iOS 10.0.1, up to iOS 14.7;2016
194;Zebulen Limon;LG;LG Optimus 2X SU660;Android 2.2, 2.3, up to 4.0;2011
195;Celene Scyone;Celkon;Celkon A98;Android 4.0;2013
196;Merla Abrahamsson;Icemobile;Icemobile Sol II;Feature phone;2012
197;Gerianna Shakeshaft;Huawei;Huawei MediaPad 10 Link;Android 4.0, up to 4.1;2013
198;Kara-lynn Serrier;Sony;Sony Ericsson Yari;Feature phone;2009
199;Aileen Nuss;Motorola;Motorola C300;Feature phone;2002
200;Marisa Halpine;Honor;Honor Note 10;Android 8.1, EMUI 8.2;2018
201;Durant Whitelock;alcatel;alcatel OT-605;Feature phone;2012
202;Babita Bollin;Nokia;Nokia 9300i;Symbian 7.0s, Series 80 v2.0 UI;2005
203;Elora Bangiard;Asus;Asus Transformer Pad TF300T;Android 4.0, up to 4.2;2012
204;Coop Beaston;Posh;Posh Kick X511;Android 4.4.2;2015
205;Sherwood Branwhite;Samsung;Samsung N105;Feature phone;2001
206;Glenn Shimwell;ZTE;ZTE Grand S Flex;Android 4.1;2013
207;Elston Scotchmoor;Haier;Haier V1000;Feature phone;2004
208;Bessy Langston;Sony;Sony Ericsson W205;Feature phone;2009
209;Alfi Childs;vivo;vivo iQOO;Android 9.0, Funtouch 9;2019
210;Lura Elijahu;Honor;Honor 6C Pro;Android 7.0, EMUI 5.1;2017
211;Lonee Blazdell;Samsung;Samsung S8530 Wave II;bada 1.2, TouchWiz UI 3;2010
212;Leyla Slides;LG;LG G7120;Feature phone;2004
213;Andy Beaudry;Samsung;Samsung M110;Feature phone;2008
214;Renaud Dewitt;Honor;Honor 6A (Pro);Android 7.0, EMUI 5.1;2017
215;Sumner Dengel;HTC;HTC Trophy;Microsoft Windows Phone 7;2011
216;Christian Donohue;Samsung;Samsung Galaxy S6 edge+ (USA);Android 5.1.1, TouchWiz UI;2015
217;Helli Dachs;Lava;Lava Iris 250;Android 4.4.2;2014
218;Hazlett Duncanson;Honor;Honor X10 5G;Android 10, Magic UI 3.1;2020
219;Porter Iacovelli;Panasonic;Panasonic Eluga L 4G;Android 4.4.4;2015
220;Wynn Coalbran;HTC;HTC One X9;Android 6.0;2016
221;Brody Gaynor;Sony;Sony Xperia ZR;Android 4.1.2, up to 5.1.1;2013
222;Mattheus Harbidge;Tecno;Tecno Pop 1 Pro;Android 7.0;2018
223;Eustacia O'Corrane;Huawei;Huawei nova 8 SE;Android 10, EMUI 10.1;2020
224;Alexina Quainton;Tecno;Tecno Pop 1s;Android 8.1 Oreo;2018
225;Wendell Pollitt;Celkon;Celkon C11;Feature phone;2011
226;Sinclair Gadsby;O2;O2 Ice;Feature phone;2006
227;Shelbi Bailles;Motorola;Motorola V186;Feature phone;2005
228;Knox Archell;Micromax;Micromax A101;Android 4.0.4;2012
229;Parker Inkle;Motorola;Motorola Motoluxe MT680;Android 2.3.7;2012
230;Town Fernihough;Sagem;Sagem MY C5-2;Feature phone;2004
231;Broddie Crowne;Amazon;Amazon Kindle Fire HD;Android 4.0;2012
232;Ulrick Truscott;Asus;Asus Zenfone Go ZB452KG;Android 5.1;2016
233;Casi Pakeman;verykool;verykool s5019 Wave;Android 6.0;2017
234;Johnna Peeter;Infinix;Infinix Hot S3;Android 8.1;2018
235;Wakefield Dengel;Oppo;Oppo Reno5 Pro+ 5G;Android 11, ColorOS 11.1;2021
236;Boyd Phythien;LG;LG L5100;Feature phone;2004
237;Donna Hedworth;Samsung;Samsung E770;Feature phone;2005
238;Kennan Zaczek;Sony;Sony Ericsson J105 Naite;Feature phone;2009
239;Dorry Manass;Mitsubishi;Mitsubishi M750;Feature phone;2003
240;Yanaton Grassett;Coolpad;Coolpad Conjr;Android 6, Cool UI 8;2017
241;Kyle Percy;LG;LG A180;Feature phone;2011
242;Aeriell Ferries;Karbonn;Karbonn A11;Android 4.0.4;2012
243;Jean Fleet;Motorola;Motorola EX226;Feature phone;2011
244;Glyn Benthall;Micromax;Micromax Bolt Q331;Android 4.4.2;2015
245;Trevor Stucksbury;ZTE;ZTE Style Messanger;Feature phone;0
246;Verena Traite;BLU;BLU Studio 5.5 S;Android 4.2;2014
247;Quentin Wythill;Celkon;Celkon CT 9;Android 4.0;2012
248;Cybil Atterbury;Mitac;Mitac MIO 8870;Microsoft Windows Mobile 2003 SE Smartphone;2004
249;Gallard Maddy;Nokia;Nokia Asha 302;Feature phone;2012
250;Gard Binks;Celkon;Celkon C409;Feature phone;2011
251;Dottie Gooddie;Plum;Plum Optimax 12;Android 6.0;2018
252;Cybill Butcher;vivo;vivo Watch;Proprietary OS;2020
253;Hamnet Craigg;Spice;Spice Mi-720;Android 2.2;2011
254;Aida Samper;Sagem;Sagem MY X1-2;Feature phone;2005
255;Keely Tieman;Oppo;Oppo A53 5G;Android 10, ColorOS 7.2;2020
256;Cecilla MacRedmond;verykool;verykool s5524 Maverick III Jr.;Android 6.0;2016
257;Kelley Grewes;Apple;Apple iPhone 6 Plus;iOS 8, up to iOS 12.4.6;2014
258;Ericha Packington;Lenovo;Lenovo S890;Android 4.1;2013
259;Stesha Custy;Celkon;Celkon C449;Feature phone;2010
260;Moishe Spenclay;Motorola;Motorola ATRIX TV XT682;Android 2.3.7;2012
261;Dasi Samper;Acer;Acer Liquid mini E310;Android 2.2, up to 2.3;2011
262;Penny Thornton-Dewhirst;Micromax;Micromax Canvas Selfie 2 Q340;Android 5.0;2015
263;Francyne Debold;ZTE;ZTE Blade V8;Android 7.0, MiFavor 4.2;2017
264;Marjory Hancorn;Sony;Sony Ericsson A8i;Android-based OPhone 2.0;2010
265;Lara McIlwrath;vivo;vivo NEX 3S 5G;Android 10, Funtouch 10.0;2020
266;Lethia Blondel;QMobile;QMobile Noir LT150;Android 4.4.2;2015
267;Julina Spalton;Allview;Allview Viva 803G;Android 9.0 Pie;2020
268;Jud Shiell;QMobile;QMobile Noir X35;Android 4.4.2;2014
269;Dot Somes;ZTE;ZTE Tempo X;Android 7.1.1;2017
270;Emmie Renihan;Lenovo;Lenovo Tab M10 HD Gen 2;Android 10;2020
271;Lee Ostridge;Sony;Sony Xperia Z1 Compact;Android 4.3, up to 5.1;2014
272;Heather Ruckhard;vivo;vivo Y3 (4GB+64GB);Android 9.0, Funtouch 9.0;2019
273;Dallas Roffe;Lava;Lava Iris 404 Flair;Android 4.4.2;2014
274;Larina McCaghan;Apple;Apple iPad 3 Wi-Fi + Cellular;iOS 5.1, up to iOS 9.3.5;2012
275;Amelie Jenny;Micromax;Micromax Vdeo 2;Android 6.0;2016
276;Charis Jedrzaszkiewicz;alcatel;alcatel A7;Android 7.0;2017
277;Keary Ianni;Huawei;Huawei G7002;Feature phone;2010
278;Luis de Pinna;Bird;Bird V5510;Feature phone;2005
279;Kendrick Bonifacio;Posh;Posh Titan Max HD E550;Android 4.4.2;2015
280;Jerry MacLaverty;Intex;Intex IRist Smartwatch;Android OS compatible;2015
281;Elnar Warrior;alcatel;alcatel 1x;Android 8.1 - 5059D only;2018
282;Nesta Bunney;Sony;Sony Ericsson W550;Feature phone;2005
283;Dani Stinson;Plum;Plum Compass;Android 6.0;2017
284;Sander Sumnall;vivo;vivo Y73s;Android 10, Funtouch 10.5;2020
285;Christabel Dallaway;Lava;Lava Fuel F1;Android 5.1;2015
286;Estel Starkie;Xiaomi;Xiaomi Mi 10 5G;Android 10, up to Android 11, MIUI 12.5;2020
287;Lemmie Illem;Casio;Casio G'zOne CA-201L;Android 4.0;2013
288;Lowell Boynton;Sharp;Sharp 934SH;Feature phone;2009
289;Peggi Water;Huawei;Huawei Y6 Pro (2019);Android 9.0, EMUI 9;2019
290;Kellie Donaghy;Mitac;Mitac MIO 8380;Microsoft Smartphone 2002;2003
291;Zea Boniface;HTC;HTC Touch Diamond;Microsoft Windows Mobile 6.1 Professional;2008
292;Wini Dugall;Haier;Haier V7000;Feature phone;2004
293;Eden Gavriel;Samsung;Samsung E2252;Feature phone;2012
294;Giuditta Brook;Vodafone;Vodafone 360 H2;LiMo OS;0
295;Cassandre MacCosto;Allview;Allview Allwatch Hybrid T;Proprietary OS;2018
296;Aileen Grimes;i-mate;i-mate SP5;Microsoft Windows Mobile 5.0 Smartphone;2005
297;Lamont Bowden;QMobile;QMobile Noir LT250;Android 4.4.2;2015
298;Meredith Goulden;Amoi;Amoi A211;Feature phone;2006
299;Brandise Etchells;Allview;Allview Soul X5 Style;Android 8.1;2018
300;Tony Cousins;Lava;Lava A76+;Android 6.0;2016
301;Gauthier Saint;BLU;BLU Dash L2;Android 6.0;2016
302;Rhianon Huffy;Motorola;Motorola Accompli 008;Feature phone;2002
303;Stephanie Airy;HTC;HTC Exodus 1;Android 8.1;2018
304;Marshal Sager;BLU;BLU J6 2020;Android 10;2020
305;Willi Liptrot;Mitac;Mitac MIO A502;Windows Mobile 6 Professional;0
306;Abagael Fishlee;alcatel;alcatel Fire C 2G;Firefox OS 1.3;2014
307;Cal Ferrarese;Sony;Sony Ericsson K530;Feature phone;2007
308;Kynthia Keatch;O2;O2 XDA II mini;Microsoft Windows Mobile 2003 SE PocketPC;2004
309;Charita Donovin;Coolpad;Coolpad Cool Play 6;Android 7.1.1, Journey UI;2017
310;Abie Arington;Icemobile;Icemobile Sol;Feature phone;0
311;Bobina Mulcaster;Archos;Archos 40c Titanium;Android 4.4;2014
312;Teresa Impy;Samsung;Samsung Galaxy A8s;Android 9.0, One UI;2018
313;Yolanda Hibling;LG;LG G3;Android 4.4.2, up to 6.0;2014
314;Dina de Cullip;Huawei;Huawei Mate X;Android 9.0, EMUI 9.1;2019
315;Shawn Ferrulli;verykool;verykool i330 Sunray;Feature phone;2014
316;Mozes Margiotta;HTC;HTC Desire 310 dual sim;Android 4.2.2, Sense UI 5.1;2014
317;Lawry Godwyn;Panasonic;Panasonic Eluga i3 Mega;Android 6.0;2017
318;Donny Petracek;Siemens;Siemens SF65;Feature phone;2004
319;Joelly Vosper;HP;HP TouchPad 4G;HP webOS 3.0;0
320;Merrilee Choat;Samsung;Samsung Galaxy Gio S5660;Android 2.2, up to 2.3, TouchWiz UI 3;2011
321;Launce Base;alcatel;alcatel Evolve 2;Android 4.4.2;2014
322;Randene Gullam;Nokia;Nokia 216;Feature phone;2016
323;Maxim Merrilees;Micromax;Micromax Canvas Evok Note E453;Android 6.0;2017
324;Prue Crellin;Huawei;Huawei Ascend P7 mini;Android 4.3, EMUI Lite 2;2014
325;Marie-ann Zupone;O2;O2 XDA Zinc;Microsoft Windows Mobile 5.0 PocketPC;2006
326;Guilbert Upward;Huawei;Huawei MediaPad M5 8;Android 8.0, EMUI 8;2018
327;Doroteya Ciccotto;BLU;BLU Studio G HD LTE;Android 6.0;2016
328;Marcelia Collicott;LG;LG GU230 Dimsun;Feature phone;2010
329;Francisca Sherville;Sony;Sony Ericsson TM506;Feature phone;2008
330;Tomkin Rigmond;Energizer;Energizer Power Max P600S;Android 7.0;2018
331;Alethea Vala;XOLO;XOLO Era 2;Android 6.0;2016
332;Yorgos Bickers;Samsung;Samsung B110;Feature phone;2008
333;Orren Eriksson;BLU;BLU Dash L4;Android 6.0;2017
334;Jemmy Silvers;NEC;NEC N200;Feature phone;2005
335;Alfi Struys;Nokia;Nokia E51 camera-free;Symbian OS 9.2, Series 60 v3.1 UI;2008
336;Mufinella Scorer;Samsung;Samsung A110;Feature phone;2000
337;Gene Davidman;Telit;Telit t410;Feature phone;2005
338;Tamma Bonar;Gigabyte;Gigabyte GSmart G1355;Android 2.3.4;2012
339;Loraine Sulland;LG;LG BL40 New Chocolate;Feature phone;2009
340;Dori Greenan;Samsung;Samsung B7350 Omnia PRO 4;Microsoft Windows Mobile 6.5 Professional;2010
341;Brigg Burtwhistle;Huawei;Huawei U1100;Feature phone;2008
342;Tom Brodhead;XOLO;XOLO A500;Android 4.0;2013
343;Yehudi Drayton;XOLO;XOLO A500;Android 4.0;2013
344;Gardner Hicken;Huawei;Huawei G6310;Feature phone;2012
345;Lilah Ketchen;Samsung;Samsung Galaxy Prevail;Android 2.2;2011
346;Phaedra Tousy;LG;LG Xenon GR500;Feature phone;2009
347;Hillery Napoleon;Huawei;Huawei Y6p;Android 10, EMUI 10.1;2020
348;Nicholle LeEstut;alcatel;alcatel OT 535;Feature phone;2003
349;Ole Laborde;Oppo;Oppo N3;Android 4.4.4, ColorOS 2;2015
350;Ollie Dilliway;BLU;BLU Dash L4 LTE;Android 7.0;2017
351;Ram Nock;LG;LG Optimus Net;Android 2.3.3;2011
352;Bearnard Prahm;Ericsson;Ericsson T68;Feature phone;2001
353;Rosemaria Rowantree;Huawei;Huawei P20 Pro;Android 8.1, planned upgrade to 10, EMUI 9.1;2018
354;Webster Coote;ZTE;ZTE Axon 9 Pro;Android 8.1;2018
355;Thekla Lardnar;Xiaomi;Xiaomi Redmi Note 7;Android 9.0, planned upgrade to 10, MIUI 12;2019
356;Diandra Whiterod;ZTE;ZTE nubia Red Magic 5G;Android 10, Redmagic 3.0;2020
357;Pietrek Ilieve;Xiaomi;Xiaomi Mi Note 10;Android 9.0, up to Android 11, MIUI 12;2019
358;Barbette Freyn;Lenovo;Lenovo A660;Android 4.0.4;0
359;Shirlee Humber;Tecno;Tecno Pouvoir 3 Plus;Android 9.0, HIOS 5.0;2019
360;Evyn Meddick;Samsung;Samsung E350;Feature phone;2005
361;Germain Tebboth;Philips;Philips Xenium 9@9e;Feature phone;2005
362;Etti Stanaway;Toshiba;Toshiba G900;Microsoft Windows Mobile 6 Professional;2007
363;Cale Veldstra;ZTE;ZTE nubia V18;Android 7.1, up to Android 8.0;2018
364;Goran Tyzack;Yezz;Yezz Andy A6M;Android 4.4.2;2013
365;Jaymie Abramcik;ZTE;ZTE Blade V20;Android 9.0, MiFavor 9.0;0
366;Rebecca Bouldstridge;Wiko;Wiko View3 Lite;Android 9.0 Pie;2020
367;Judon Oliphand;Nokia;Nokia 4.2;Android 9.0, up to Android 11, Android One;2019
368;Ariella Lutton;Panasonic;Panasonic Eluga Tapp;Android 6.0;2016
369;Otes Andrini;Sendo;Sendo P600;Feature phone;2004
370;Cirillo Craigie;Siemens;Siemens A51;Feature phone;2004
371;Christa Kitchingman;Telit;Telit G90;Microsoft Smartphone 2002;2003
372;Agata Troughton;alcatel;alcatel One Touch Snap LTE;Android 4.1;2013
373;Geralda Dongall;BlackBerry;BlackBerry KEY2;Android 8.1;2018
374;Nellie Leving;alcatel;alcatel 2052;Feature phone;2014
375;Debor Alenshev;Nokia;Nokia 5235 Comes With Music;Symbian 9.4, Series 60 rel. 5;2010
376;Alvera Palmar;alcatel;alcatel 3L (2021);Android 11;2021
377;Niccolo Gillmore;Garmin-Asus;Garmin-Asus nuvifone G60;Linux;2009
378;Konrad Buzine;Samsung;Samsung Galaxy S II HD LTE;Android 2.3, up to 4.0, TouchWiz UI 4;2011
379;Shanta Langwade;Samsung;Samsung Galaxy Tab S7;Android 10, One UI 2.5;2020
380;Nada Darco;BLU;BLU Studio Mega 2019;Android 9.0;2019
381;Ginnie Tarte;Infinix;Infinix Zero 5 Pro;Android 7.0;2018
382;Cyrillus Verbeek;OnePlus;OnePlus Nord N10 5G;Android 10, OxygenOS 10.5;2020
383;Lonny Meus;Xiaomi;Xiaomi Redmi Y1 Lite;Android 7.0, MIUI 11;2017
384;Rebbecca Reasun;Archos;Archos 45 Helium 4G;Android 4.3;2014
385;Jerry Chidlow;Unnecto;Unnecto Drone XS;Android 4.4;2016
386;Micky Thickett;Amazon;Amazon Fire HDX 8.9 (2014);Android 4.4, Fire 4;2014
387;Anna Marten;verykool;verykool s635;Feature phone;2012
388;Nona Kays;Qtek;Qtek 9100;Microsoft Windows Mobile 5.0 PocketPC;2005
389;Dwayne Sanper;LG;LG KU990 Viewty;Feature phone;2007
390;Barbara Lead;QMobile;QMobile QTab X50;Android 4.2;2014
391;Gunar Duncanson;Oppo;Oppo Find 5 Mini;Android 4.2.2;2014
392;Inger Bolliver;LG;LG KF305;Feature phone;2010
393;Gilli Peasby;Xiaomi;Xiaomi Mi 5;Android 6.0, up to Android 8.0, MIUI 10;2016
394;Ariel Gerraty;Huawei;Huawei U8300;Android 2.1;2010
395;Jeno Terbrug;alcatel;alcatel OT-318D;Feature phone;2012
396;Tremaine Ramelet;Huawei;Huawei P30 lite;Android 9.0, up to Android 10, EMUI 10.0;2019
397;Adler Orrick;Samsung;Samsung Q200;Feature phone;2002
398;Augusta Quinney;Huawei;Huawei Ascend Y100;Android 2.3;2012
399;Adi Tremonte;Maxon;Maxon MX-C90;Feature phone;2003
400;Erasmus Pessold;Samsung;Samsung A500;Feature phone;2002
401;Carlie Melpuss;Wiko;Wiko Upulse;Android 7.0;2017
402;Eddy Gauden;Samsung;Samsung Galaxy Fit S5670;Android 2.2, up to 2.3, TouchWiz UI 3;2011
403;Kippar Woodburne;Cat;Cat B15;Android 4.1;2013
404;Debbi Gadaud;LG;LG Watch Style;Android Wear OS 2.1;2017
405;Magdalen MacCard;Samsung;Samsung A877 Impression;Feature phone;2009
406;Orion Aston;Motorola;Motorola V750;Feature phone;2003
407;Rudiger de Juares;Huawei;Huawei Y5p;Android 10, EMUI 10.1;2020
408;Hillel Sarginson;Nokia;Nokia 6136;Feature phone;2006
409;Meier Scrowston;BLU;BLU Studio XL;Android 5.0;2015
410;Luisa Mattheissen;Huawei;Huawei MediaPad T1 7.0 Plus;Android 4.4.2, EMUI 3;2016
411;Louisette Vynarde;Motorola;Motorola Moto G;Android 4.3, up to 5.1.1;2013
412;Bentley Grinham;Samsung;Samsung E1390;Feature phone;2009
413;Neille Beecraft;Motorola;Motorola A910;Linux, JUIX UI;2005
414;Colman Mathet;Philips;Philips Azalis 238;Feature phone;2000
415;Courtenay Sturley;HTC;HTC Ozone;Microsoft Windows Mobile 6.1 Standard;2009
416;Rheta De Winton;HP;HP Veer 4G;HP webOS 2.1;2011
417;Bethena McGooch;Unnecto;Unnecto Rush;Android 4.4.2;2014
418;Fabian Clewes;Archos;Archos Oxygen 63;Android 9.0;2019
419;Sara Walhedd;Samsung;Samsung E215;Feature phone;2009
420;Emelda Bownas;Samsung;Samsung T739 Katalyst;Feature phone;2007
421;Shandee Lyddiatt;Yezz;Yezz Andy C5V;Android 4.4.2;2014
422;Kelcy Alberts;Micromax;Micromax A104 Canvas Fire 2;Android 4.4.2;2014
423;Ramon Lamping;Samsung;Samsung S5630C;Feature phone;2009
424;Dennis Abel;Nokia;Nokia 3510i;Feature phone;2002
425;Vina Ludlow;Motorola;Motorola Karma QA1;Feature phone;2009
426;Domenic Amos;Samsung;Samsung Metro TV;Feature phone;2010
427;Odille Borham;Panasonic;Panasonic A500;Feature phone;2004
428;Christie Ingram;Motorola;Motorola W395;Feature phone;2008
429;Chelsey Duran;NIU;NIU GO 21;Feature phone;2014
430;Fae Noble;Sendo;Sendo K1;Feature phone;0
431;Freddie Casterou;Kyocera;Kyocera DuraForce XD;Android 5.1;2015
432;Emlen Kirvell;Samsung;Samsung Galaxy S5 mini Duos;Android 4.4.4, up to 6.0.1, TouchWiz UI;2014
433;Phylis Sally;Micromax;Micromax A74 Canvas Fun;Android 4.2.2;2013
434;Westleigh Briddle;Samsung;Samsung D100;Feature phone;2003
435;Enrico Husk;LG;LG B2000;Feature phone;2005
436;Ulises Clausewitz;BLU;BLU Advance 4.0 L3;Android 6.0;2017
437;Malachi Hauxwell;Nokia;Nokia 6126;Feature phone;2006
438;Marshal Scurlock;BLU;BLU Jenny TV 2.8;Feature phone;2013
439;Luciano Hateley;BenQ-Siemens;BenQ-Siemens EF51;Feature phone;2006
440;Dukie Dudderidge;Yezz;Yezz Andy 4E2I;Android 4.4;2015
441;Holly-anne Ellershaw;Asus;Asus Google Nexus 7 (2013);Android 4.3, up to 6.0;2013
442;Alysia Giraldo;Motorola;Motorola WX260;Feature phone;2010
443;Karlan Dransfield;Huawei;Huawei nova 7 5G;Android 10, EMUI 10.1;2020
444;Aldus Douglas;Allview;Allview P5 Quad;Android 4.1;2013
445;Margaret Cater;ZTE;ZTE nubia N1;Android 6, nubia UI 4;2016
446;Dag Hilliam;LG;LG Optimus One P500;Android 2.2, up to 2.3;2010
447;Marylee Strethill;Philips;Philips X526;Feature phone;2011
448;Mannie Serraillier;Ulefone;Ulefone Armor 7;Android 9.0;2019
449;Emilee Gebhard;Yezz;Yezz Andy 5.5M LTE VR;Android 5.1;2016
450;Flora Simoneton;BlackBerry;BlackBerry Z30;BlackBerry OS 10.2, up to 10.3.1;2013
451;Friedrick McIver;Nokia;Nokia N8;Symbian^3, up to Nokia Belle Refresh;2010
452;Sandra Hillett;Samsung;Samsung D830;Feature phone;2006
453;Marie-jeanne Darlaston;BLU;BLU Dash L4;Android 6.0;2017
454;Dukie Osgerby;vivo;vivo Y31;Android 11, Funtouch 11;2021
455;Binnie Larose;alcatel;alcatel OT-217;Feature phone;2011
456;Seana Defty;LG;LG G2 mini LTE (Tegra);Android 4.4.2, LG Optimus UI;2014
457;Alisa Bollard;LG;LG KP270;Feature phone;2008
458;Haslett Younghusband;Vodafone;Vodafone 735;Feature phone;2009
459;Cyril Jacop;HTC;HTC One Remix;Android 4.4.2, Sense UI;2014
460;Kala Jeste;ZTE;ZTE F233;Feature phone;2009
461;Ernest Trevenu;Oppo;Oppo N3;Android 4.4.4, ColorOS 2;2015
462;Beryl Brotherhead;Samsung;Samsung Ch@t 333;Feature phone;2013
463;Tatum Dowles;HP;HP 10 Plus;Android 4.4.2;2014
464;Hilda Lombard;LG;LG Vu 3 F300L;Android 4.2.2;2013
465;Debbie Tapson;LeEco;LeEco Le Max;Android 5.1;2016
466;Melesa Carsey;BLU;BLU Vivo XL5;Android 9.0;2019
467;Gwenneth Bridle;Acer;Acer Liquid Z5;Android 4.2;2014
468;Kesley Cremin;Huawei;Huawei Y5 Prime (2018);Android 8.1, EMUI 8;2018
469;Ewell O'Henecan;Samsung;Samsung I6220 Star TV;Feature phone;2009
470;Gilburt Cancutt;alcatel;alcatel Pop 3 (5);Android 5.1;2015
471;Rozanna Jansens;BenQ-Siemens;BenQ-Siemens E61;Feature phone;2006
472;Pete Worsall;Huawei;Huawei Mate 20 RS Porsche Design;Android 9.0, EMUI 9.1;2018
473;Sean Childe;Asus;Asus PadFone;Android 4.0, up to 4.1;2012
474;Kristo Mayler;ZTE;ZTE Obsidian;Android 5.1;2015
475;Dame Cullinan;Asus;Asus Transformer Pad TF701T;Android 4.2;2013
476;Maren Eastman;Siemens;Siemens Xelibri 6;Feature phone;2003
477;Keefe Buesnel;Samsung;Samsung Galaxy A5 Duos;Android 4.4.4, up to 5.0.2;2014
478;Mary Keslake;Nokia;Nokia Lumia 900 AT&T;Microsoft Windows Phone 7.5 Mango;2012
479;Morlee Sautter;LG;LG Stylus 2;Android 6.0, up to Android 7.0;2016
480;Ailis Fowler;alcatel;alcatel OT-C651;Feature phone;2005
481;Doy Isgar;Huawei;Huawei Mate 30 Pro;Android 10, EMUI 11, no Google Play Services;2019
482;Kimberly Curson;Huawei;Huawei Ascend G620s;Android 4.4.2, EMUI 3;2014
483;Nappy Heskin;Sendo;Sendo S300;Feature phone;2003
484;Tuesday McBrady;Huawei;Huawei P8lite;Android 5.0.2, up to 6.0, EMUI 3.1;2015
485;Leanor Wyvill;Sony;Sony Ericsson Z800;Feature phone;2005
486;Valaria Ramsden;LG;LG Q70;Android 9.0, up to Android 10, LG UX 9;2019
487;Lazarus Danter;Samsung;Samsung Metro E2202;Feature phone;2013
488;Billy Simeons;LG;LG G Pad 8.3;Android 4.2.2, up to 5.0;2013
489;Bonita Spillman;alcatel;alcatel OT 331;Feature phone;2003
490;Laverne Wimlet;Samsung;Samsung T339;Feature phone;2008
491;Stoddard Doge;Philips;Philips 355;Feature phone;2004
492;Catie Marzelli;Samsung;Samsung Galaxy Gear;Tizen OS;2013
493;Neill Billingsly;alcatel;alcatel OT-690;Feature phone;2011
494;Charles Aleavy;verykool;verykool R25;Feature phone;2013
495;Dwayne Forkan;Mitac;Mitac MIO 8870;Microsoft Windows Mobile 2003 SE Smartphone;2004
496;Blayne Sunderland;Sony;Sony Ericsson W550;Feature phone;2005
497;Teddi Antrum;Sony;Sony Xperia S;Android 2.3, up to 4.1.2;2012
498;Forbes Brittain;Huawei;Huawei G6608;Feature phone;2011
499;Pete Flather;BLU;BLU Studio 5.0 S II;Android 4.2;2014
500;Luigi Cussins;ZTE;ZTE Blade V9;Android 8.1;2018
501;Manny Verdy;Sony;Sony Tablet S;Android 3.1, up to 4.0.3;2011
502;Alida Bullivant;vivo;vivo S1 (China);Android 9.0, Funtouch 9;2019
503;Kaila Gobourn;Xiaomi;Xiaomi Mi 11 Lite;Android 11, MIUI 12;2021
504;Allistir Demangeon;vivo;vivo iQOO Neo 855 Racing;Android 9.0, Funtouch 9;2019
505;Nefen Gabbetis;Xiaomi;Xiaomi Mi A2 Lite (Redmi 6 Pro);Android 8.1, up to 10, MIUI 12, Android One;2018
506;Brett Ashmole;Allview;Allview X4 Soul Mini S;Android 7.0;2017
507;Flossy Clemencet;Motorola;Motorola V226;Feature phone;2004
508;Hubert Puvia;Bird;Bird G118;Feature phone;2004
509;Taffy Klimshuk;Sony;Sony Ericsson W910;Feature phone;2007
510;Conway Dureden;Spice;Spice QT-65;Feature phone;2010
511;Roderick Hosten;Motorola;Motorola Z6w;Linux / Java-based MOTOMAGX;2008
512;Rhodie Luckwell;Samsung;Samsung I909 Galaxy S;Android 2.1;2010
513;Shelagh Deering;verykool;verykool s350;Android 2.3;2013
514;Devy Yurinov;NIU;NIU Pana N105;Feature phone;2012
515;Isacco Secrett;Sony;Sony Ericsson Yendo;Feature phone;2010
516;Sandor Abriani;Allview;Allview P4 AllDro;Android 4.0.4;2012
517;Ulric Ransfield;Karbonn;Karbonn Titanium Mach Two S360;Android 4.4.2, up to 5.0;2015
518;Tarra Leney;Tecno;Tecno Spark Plus;Android 7.0;2017
519;Avrit Beggi;Samsung;Samsung F510;Feature phone;2007
520;Tomlin Benninck;BLU;BLU Energy Diamond;Android 6.0;2016
521;Tawnya Domange;Motorola;Motorola W209;Feature phone;2007
522;Caresse Itzkovici;NIU;NIU LIV 10;Feature phone;2013
523;Eimile Parmer;Sharp;Sharp 770SH;Feature phone;2006
524;Patty Pozzo;HTC;HTC One (M8) dual sim;Android 4.4.2, up to 4.4.4, Sense UI 6;2014
525;Mallory McDonand;Oppo;Oppo F7;Android 8.1, ColorOS 5;2018
526;Bertram Brient;Asus;Asus Memo Pad 7 ME176C;Android 4.4.2;2014
527;Idette McClosh;BLU;BLU Dash Music JR;Android 4.4.2;2014
528;Corabelle Barcke;Sagem;Sagem my405X;Feature phone;2006
529;Georg Polle;Samsung;Samsung Galaxy Note10;Android 9.0, up to Android 11, One UI 3.1;2019
530;Korry Fairhall;Sony;Sony Xperia E dual;Android 4.0.4, up to 4.1.1, Timescape UI;2013
531;Alf Shute;Samsung;Samsung X460;Feature phone;2004
532;Kacie Scarth;Samsung;Samsung T509;Feature phone;2006
533;Libby Awty;Sewon;Sewon SG-1000;Feature phone;0
534;Josias Liggens;alcatel;alcatel OT-E159;Feature phone;2005
535;Lenard Bateson;Nokia;Nokia 105 (2017);Feature phone;2017
536;Cooper Coram;Allview;Allview P7 Pro;Android 6.0;2016
537;Valentia Stannas;NEC;NEC N910;Feature phone;2004
538;Aurel Emanuelov;alcatel;alcatel OT-993;Android 4.0;2012
539;Christal Arrigo;Philips;Philips X650;Feature phone;2009
540;Filmore Pagin;LG;LG Prada 3.0;Android 2.3.7, up to 4.0;2012
541;Perri Heads;alcatel;alcatel OT-355;Feature phone;2011
542;Kaitlyn Durnian;Sewon;Sewon SG-2100CS;Feature phone;2004
543;Ynez Corhard;Huawei;Huawei MediaPad T2 7.0 Pro;Android 5.1, EMUI 3.1;2016
544;Chip MacLardie;LG;LG G5310;Feature phone;2003
545;Rosita Bitterton;Lenovo;Lenovo LePad S2010;Android 2.3, up to 4.0;2012
546;Kinnie Birkmyre;Lava;Lava Iris 503e;Android 4.2;2013
547;Ciel Petrazzi;Nokia;Nokia 3109 classic;Feature phone;2007
548;Elvin Tuite;T-Mobile;T-Mobile Vairy Text;Feature phone;2009
549;Susannah Lepick;Samsung;Samsung E1225 Dual Sim Shift;Feature phone;2010
550;Nevil Doutch;QMobile;QMobile Noir Z8 Plus;Android 4.4.2;2015
551;Sadye Phippen;Infinix;Infinix Zero 4;Android 6.0;2017
552;Emlynne Brockbank;Oppo;Oppo F7;Android 8.1, ColorOS 5;2018
553;Gordy Buchanan;XOLO;XOLO Q900;Android 4.2.2;2013
554;Aeriel Sanney;Oppo;Oppo A73 5G;Android 10, ColorOS 7.2;2020
555;Wynn Sarten;Philips;Philips X622;Feature phone;2011
556;Odell Hinckley;Honor;Honor 8 Pro;Android 7.0, up to Android 9.0, EMUI 9.1;2017
557;Charisse Chowne;Samsung;Samsung SGH-250;Feature phone;1996
558;Cleveland Greg;XOLO;XOLO Q700 Club;Android 4.4.2;2015
559;Averill Tuff;Philips;Philips T539;Android 2.3;2012
560;Viki Haining;BlackBerry;BlackBerry Z10;BlackBerry OS 10, up to 10.3.1;2013
561;Dalt Bumphrey;Samsung;Samsung A711;Feature phone;2007
562;Yasmin Cluckie;Amazon;Amazon Kindle Fire HDX 8.9;Android OS, Fire 3;2013
563;Rafaela Kayne;Micromax;Micromax Canvas Turbo Mini;Android 4.2.2;2014
564;Flor Rubroe;alcatel;alcatel OT-S521A;Feature phone;2008
565;Fabio Cleland;O2;O2 XDA Guide;Microsoft Windows Mobile 6.1 Professional;2009
566;Ruby Cowles;Gigabyte;Gigabyte GSmart 2005;"Microsoft Windows Mobile 5.0 for &hellip;";2005
567;Natasha ducarme;Samsung;Samsung S7220 Ultra b;Feature phone;2009
568;Noni Pacheco;Apple;Apple iPhone XR;iOS 12, up to iOS 14.7;2018
569;Lanni Gristock;vivo;vivo Y53i;Android 6, Funtouch 3;2018
570;Augustina Lints;BLU;BLU Studio C 8+8;Android 6.0;2016
571;Bastian Griffey;Samsung;Samsung Galaxy Light;Android 4.2.2;2013
572;Maritsa O'Keefe;Huawei;Huawei U8230;Android 2.1;2009
573;Lucina Trazzi;LG;LG K8;Android 6.0, up to 7.0;2016
574;Simona Lacheze;Samsung;Samsung Galaxy A7 (2018);Android 8.0, up to Android 10, One UI 2.0;2018
575;Gaylene Shallow;Nokia;Nokia 1 Plus;Android 9.0 Pie, up to Android 10;2019
576;Ula Grut;Samsung;Samsung S5750 Wave575;bada OS;2010
577;Sharai Seth;Samsung;Samsung E1282T;Feature phone;2013
578;Avram Walder;Acer;Acer Iconia Tab 7 A1-713HD;Android 4.4.2;2014
579;Ross McEwen;Micromax;Micromax Canvas Pace 4G Q416;Android 5.1;2015
580;Beryle Sprosson;Sewon;Sewon SGD-1000;Feature phone;2004
581;Anatol Duplan;Sagem;Sagem MW 3020;Feature phone;2001
582;Rivy Shreeves;NEC;NEC N500iS;Feature phone;2006
583;Brittaney Kender;BLU;BLU Life One X;Android 4.2.1;2014
584;Tristam Knox;Nokia;Nokia 2600;Feature phone;2004
585;Cordey Pippin;Allview;Allview AX3 Party;Android 4.0.4;2013
586;Fifi Grimmett;Samsung;Samsung Galaxy Axiom R830;Android 4.0.4;2012
587;Magdalena Cleminshaw;Coolpad;Coolpad Torino S;Android 5.1;2016
588;Fawn Van der Krui;Philips;Philips W186;Feature phone;2009
589;Katie Leggin;Philips;Philips F610;Feature phone;2010
590;Emanuel Dowyer;Ericsson;Ericsson R520m;Feature phone;0
591;Kipp Elphinston;LG;LG U880;Feature phone;2005
592;Nickolaus Malenoir;Nokia;Nokia 1661;Feature phone;2009
593;Tobie Valentin;Sony;Sony Ericsson Z710;Feature phone;2006
594;Guillema Tinner;LG;LG KG210;Feature phone;2006
595;Cornie Dahl;BlackBerry;BlackBerry 9720;BlackBerry OS 7.1;2013
596;Emory Gun;HTC;HTC Desire 601;Android 4.2.2, up to 4.4.2, Sense UI 5;2013
597;Tom Charlick;alcatel;alcatel Flash 2;Android 5.1;2015
598;Donella Morsey;Pantech;Pantech Link;Feature phone;2010
599;Gideon Kleinstein;Nokia;Nokia 113;Feature phone;2012
600;Auberon BURWIN;Samsung;Samsung Galaxy Star 2 Plus;Android 4.4.2;2014
601;Boycie Waterland;Ericsson;Ericsson T20e;Feature phone;2001
602;Candie Hooke;LG;LG X350;Feature phone;2011
603;Jill Schruurs;Unnecto;Unnecto Rush;Android 4.4.2;2014
604;Jay Ayers;Sony;Sony Xperia E;Android 4.1, Timescape UI;2013
605;Karlens Stickler;LG;LG KG290;Feature phone;2008
606;Samson Chisholme;Oppo;Oppo Reno5 5G;Android 11, ColorOS 11.1;2021
607;Binnie Sissel;ZTE;ZTE nubia V18;Android 7.1, up to Android 8.0;2018
608;Andie Byram;Plum;Plum Z710;Android 4.1.2;2013
609;Sara McLeoid;Samsung;Samsung Gear S2 3G;Tizen OS 2.3.2;2015
610;Gwyneth Wiffler;Samsung;Samsung Galaxy Tab A7 10.4 (2020);Android 10, up to Android 11, One UI 3.1;2020
611;Nat Bengal;Micromax;Micromax Canvas Juice 4 Q382;Android 5.1;2015
612;Chad Stillman;Celkon;Celkon Win 400;Microsoft Windows Phone 8.1;2014
613;Desiree Maliffe;Motorola;Motorola DEFY XT XT556;Android 2.3;2012
614;Melisent Flockhart;Sonim;Sonim XP8;Android 7.0;2018
615;Ddene Moakes;Motorola;Motorola Moto E6 Play;Android 9.0;2019
616;Torey Aiton;QMobile;QMobile Noir X60;Android 4.4.2;2015
617;Sybilla Dirand;Xiaomi;Xiaomi Redmi K20;Android 9.0, up to Android 10, MIUI 12;2019
618;Meier Rudsdell;Micromax;Micromax A092 Unite;Android 4.3;2014
619;Thaddeus Pren;Plum;Plum Optimax 12;Android 6.0;2018
620;Janie Scarman;Sagem;Sagem MY V-76;Feature phone;2005
621;Martie Goudie;Samsung;Samsung F480;Feature phone;2008
622;Idette Vaar;Realme;Realme Watch;Proprietary OS;2020
623;Tiffany Easom;Wiko;Wiko Tommy2;Android 7.1;2017
624;Norbert Kirsche;Samsung;Samsung Galaxy Win I8550;Android 4.1.2;2013
625;Bary Reolfi;ZTE;ZTE Score;Android 2.3.4;2011
626;Myriam Lorenzetti;Samsung;Samsung P180;Feature phone;2008
627;Kerry Buckthorpe;verykool;verykool R16;Feature phone;2012
628;Dollie Guly;Yezz;Yezz Andy 5T;Android 4.4.2;2014
629;Denni Witham;OnePlus;OnePlus 7;Android 9.0, up to 10, OxygenOS 10.0.5;2019
630;Marylou Couth;Samsung;Samsung C3212;Feature phone;2009
631;Chicky Currington;Samsung;Samsung E100;Feature phone;2003
632;Elroy Parmiter;Philips;Philips W736;Android 4.0;2012
633;Ford Cozzi;Sewon;Sewon SG-5000;Feature phone;2002
634;Rahal Moody;LG;LG G360;Feature phone;2015
635;Arch Helliker;alcatel;alcatel OT-C707;Feature phone;2007
636;Marie-jeanne Mumberson;Meizu;Meizu PRO 5 mini;Android 5.1, Flyme 5;0
637;Fulton Truswell;Xiaomi;Xiaomi Redmi 5;Android 7.1.2, MIUI 11;2017
638;Tabbitha Dripp;Samsung;Samsung Exhibit 4G;Android 2.3;2011
639;Maye Montes;Apple;Apple iPad mini 2;iOS 7, up to iPadOS 12.4.6;2013
640;Dilly O'Fergus;Plum;Plum Axe LTE;Android 5.1;2015
641;Nancey Kupec;Oppo;Oppo Find 7a;Android 4.3, ColorOS;2014
642;Helsa Mattam;BlackBerry;BlackBerry Curve 8530;BlackBerry OS 5.0;2009
643;Carmela Aikett;Panasonic;Panasonic P55 Novo;Android 6.0;2016
644;Maurise Semrad;Huawei;Huawei MediaPad 7 Youth2;Android 4.3, EMUI 1.6;2014
645;Grove Sneddon;vivo;vivo X5Max+;Android 4.4.4, Funtouch 2;2015
646;Eddy Fisbey;Motorola;Motorola EM25;Feature phone;2009
647;Ame Rubinlicht;alcatel;alcatel OT-810D;Feature phone;2011
648;Cori Crush;Vodafone;Vodafone 526;Feature phone;2008
649;Teodorico Maasze;Motorola;Motorola QUENCH;Android 1.5, up to 2.1 in USA;2010
650;Darleen Lafayette;Panasonic;Panasonic GD90;Feature phone;1999
651;Ravi Wankling;Apple;Apple iPhone 11 Pro;iOS 13, up to iOS 14.7;2019
652;Trumann Gomar;Allview;Allview V1 Viper S4G;Android 4.4;2014
653;Alvira Easthope;Icemobile;Icemobile Twister;Feature phone;0
654;Vivienne Luckett;Samsung;Samsung Galaxy S4 Active LTE-A;Android 4.2.2, TouchWiz UI;2013
655;Ailyn Tugwell;Philips;Philips D812;Feature phone;2011
656;Ade McCadden;Ulefone;Ulefone Armor 8 5G;Android 10;0
657;Ado Taylour;Panasonic;Panasonic Eluga Ray X;Android 6.0;2017
658;Amble Pensom;Motorola;Motorola Moto G Dual SIM;Android 4.4.2, up to 5.1.1;2014
659;Marianna Le Batteur;Bird;Bird D716;Feature phone;2007
660;Reine Juniper;Amoi;Amoi A100;Feature phone;2007
661;Dan Drydale;Micromax;Micromax A190 Canvas HD Plus;Android 4.4.2;2014
662;Dolly Camilleri;Realme;Realme 5i;Android 9.0, up to Android 10, Realme UI;2020
663;April Rentoul;O2;O2 X3;Feature phone;2004
664;Aurora Brewer;Philips;Philips Genie 2000;Feature phone;2000
665;Lita Pedroli;Lava;Lava A71;Android 5.1, up to 6.0;2016
666;Susannah Scotchmur;vivo;vivo Z1 Lite;Android 8.1, Funtouch 4;2018
667;Katti Cruddas;Icemobile;Icemobile Fuego;Feature phone;2012
668;Emory Charette;Sony;Sony Ericsson TM506;Feature phone;2008
669;Annabel Cheetam;Nokia;Nokia 7370;Feature phone;2005
670;Etti Wombwell;HTC;HTC Desire 530;Android 6.0;2016
671;Addie Allchin;Lenovo;Lenovo Vibe C;Android 5.1.1;2016
672;Marieann Edginton;Oppo;Oppo F9 (F9 Pro);Android 8.1, up to Android 10, ColorOS 7.0;2018
673;Rosemarie Tomaszynski;Orange;Orange San Francisco II;Android 2.3;2011
674;Tynan Swalowe;LG;LG A155;Feature phone;2010
675;Rahal Lashley;Microsoft;Microsoft Lumia 640 XL LTE;Microsoft Windows Phone 8.1;2015
676;Armand Bracer;Allview;Allview V3 Viper;Android 8.0;2018
677;Verge Cantu;Allview;Allview V2 Viper X+;Android 5.1;2015
678;Quintilla Roizin;Motorola;Motorola XT810;Android-based OPhone 2.0;2010
679;Des Lessmare;Gigabyte;Gigabyte GSmart 2005;"Microsoft Windows Mobile 5.0 for &hellip;";2005
680;Kelcey Leitche;Nokia;Nokia 5610 XpressMusic;Feature phone;2007
681;Tandy Penny;alcatel;alcatel A7;Android 7.0;2017
682;Tyson Gomez;Celkon;Celkon C2000;Feature phone;2011
683;Damon Severs;Archos;Archos Oxygen 68XL;Android 9.0;2019
684;Chickie Grzesiewicz;O2;O2 XDA Atom;Microsoft Windows Mobile 5.0 PocketPC;2005
685;Ximenes Skirlin;BQ;BQ Aquaris V;Android 7.1.2, up to Android 8.0;2017
686;Kikelia McVicker;Asus;Asus Zenfone 3 Max ZC520TL;Android 6.0.1, up to 7.0, ZenUI 3;2016
687;Maris Starte;LG;LG 8575 Samba;Feature phone;2009
688;Dacie Migheli;verykool;verykool SL4502 Fusion II;Android 5.1;2015
689;Angelica Caslett;Motorola;Motorola MOTOSMART MIX XT550;Android 2.3.6;2012
690;Robbi Cobbin;VK;VK Mobile VK1500;Feature phone;0
691;Iormina Migheli;LG;LG L90 D405;Android 4.4.2;2014
692;Tilly Winterbourne;Sagem;Sagem MW 3042;Feature phone;2001
693;Sammy Jobes;Sony;Sony Xperia E3;Android 4.4.2, up to Android 4.4.4;2014
694;Barbabra Garraway;alcatel;alcatel Pop D3;Android 4.4.2;2014
695;Deanna Sears;Maxwest;Maxwest Nitro 5M;Android 6.0;2016
696;Dina Hellin;vivo;vivo NEX S;Android 8.1, up to Android 9.0, Funtouch 6.6;2018
697;Marga Tickner;i-mobile;i-mobile 101;Feature phone;2008
698;Mellisa Assiter;Allview;Allview X4 Soul Infinity Plus;Android 7.1;2017
699;Vinny Knapp;Honor;Honor V40 5G;Android 10, Magic UI 4.0;2021
700;Karrie Beaty;Plum;Plum Snap;Feature phone;2011
701;Minnaminnie Summerrell;Vodafone;Vodafone Smart N9;Android 8.1;2018
702;Jillian Ismead;Sony;Sony Xperia C5 Ultra;Android 5.0, up to 6.0;2015
703;Kellyann Spinello;verykool;verykool i625;Feature phone;2012
704;Ax Tolliday;Plum;Plum Star;Feature phone;2016
705;Georgina Lashford;Chea;Chea 178;Feature phone;2003
706;Saloma Pandey;Huawei;Huawei U7310;Feature phone;2008
707;Flore Durrant;Yezz;Yezz Andy A4.5 1GB;Android 4.2;2013
708;Cammy Speight;Huawei;Huawei Ascend GX1;Android 4.4;2014
709;Guendolen Aries;Oppo;Oppo R7;Android 4.4.2, ColorOS 2.1;2015
710;Darnell Mundwell;vivo;vivo Y30;Android 10, Funtouch 10.0;2020
711;Annadiana Titlow;Motorola;Motorola Photon Q 4G LTE XT897;Android 4.0.4;2012
712;Bennett Crudge;Motorola;Motorola One Zoom;Android 9.0;2019
713;Anatola Peploe;Plum;Plum Check LTE;Android 5.1;2015
714;Shelton Eilhertsen;HP;HP iPAQ hw6510;"Microsoft Windows Mobile 2003 SE &hellip;";2005
715;Elita Di Lucia;Allview;Allview P5 Qmax;Android 4.1;2013
716;Ulric Etherson;verykool;verykool i133;Feature phone;2013
717;Nancee Collie;Philips;Philips T539;Android 2.3;2012
718;Ardisj Fitchen;Amoi;Amoi S6;Feature phone;2003
719;Theodoric Tax;Motorola;Motorola Defy Mini XT320;Android 2.3.6;2012
720;Krisha Kolakowski;Motorola;Motorola W231;Feature phone;2008
721;Chanda Rolles;Allview;Allview Viva H7 LTE;Android 4.4.4;2014
722;Wakefield Pead;Lava;Lava Iris 404e;Android 4.2;2013
723;Zaneta Thibodeaux;HTC;HTC Arrive;Microsoft Windows Phone 7;2011
724;Joly Ettritch;Xiaomi;Xiaomi Mi Max 4 Pro;Android 9.0, MIUI 11;0
725;Chiarra Pollington;Maxwest;Maxwest Virtue Z5;Android 4.4.2;2014
726;Kippie Herries;Nokia;Nokia X2-01;Feature phone;2011
727;Elsey Winman;Meizu;Meizu 17;Android 10, Flyme 8.1;2020
728;Faina Winkless;BlackBerry;BlackBerry Torch 9810;BlackBerry OS 7.0;2011
729;Anthiathia Iceton;alcatel;alcatel OT-V570;Feature phone;2008
730;Darwin Kembrey;Chea;Chea JMS-110;Feature phone;0
731;Booth Arbor;Lava;Lava Iris 404e;Android 4.2;2013
732;Jayne Athersmith;Siemens;Siemens SP65;Feature phone;2005
733;Murdoch Swallwell;Motorola;Motorola DROID RAZR MAXX HD;Android 4.0.4, up to 4.4;2012
734;Violette Sulland;Huawei;Huawei Ascend P7 mini;Android 4.3, EMUI Lite 2;2014
735;Gianina Melody;LG;LG G Pad 10.1;Android 4.4.2, up to 5.0;2014
736;Shirlene Mucklow;Oppo;Oppo R7s;Android 5.1, ColorOS 2.1;2015
737;Hurley Hebblewaite;Samsung;Samsung Galaxy On7 (2016);Android 6.0.1, up to Android 8.0;2016
738;Bernhard Sheppard;Meizu;Meizu M10;Android 9.0, Flyme 8;2019
739;Paulita Stigers;O2;O2 XDA Nova;Microsoft Windows Mobile 6.0 Professional;2007
740;Aeriela Delete;Spice;Spice QT-61;Feature phone;2010
741;Levin Doddemeade;Philips;Philips S200;Feature phone;2006
742;Gibby Cayet;Samsung;Samsung Galaxy A52 5G;Android 11, One UI 3.1;2021
743;Hubey Pittford;Motorola;Motorola cd920;Feature phone;1998
744;Elsy Kewish;Oppo;Oppo U3;Android 4.4.4, ColorOS 2;2015
745;Dani Yousef;Prestigio;Prestigio MultiPhone 8500 Duo;Microsoft Windows Phone 8.1;2014
746;Ibbie Thomazet;Gionee;Gionee Gpad G1;Android 4.0;2013
747;Dolley Dudden;Nokia;Nokia Lumia 530 Dual SIM;Microsoft Windows Phone 8.1;2014
748;Adriaens Yurocjhin;Pantech;Pantech G200;Feature phone;2003
749;Fredric Broughton;Yezz;Yezz Andy 5EI3 (2016);Android 6.0;2016
750;Yehudi Castelin;ZTE;ZTE F870;Feature phone;2009
751;Sukey Carmichael;Spice;Spice QT-61;Feature phone;2010
752;Gawain Kew;Pantech;Pantech Vega Racer 2 IM-A830L;Android 4.0;2012
753;Sharai Wayman;BLU;BLU Life Pure Mini;Android 4.2;2014
754;Zea Lerwill;Lenovo;Lenovo Vibe P1;Android 5.1;2015
755;Hyacinth MacCrackan;Gionee;Gionee S6s;Android 6.0, up to 7.0, Amigo 3.2;2016
756;Briant Yardley;BLU;BLU Neo X Mini;Android 6.0;2016
757;Mallorie Smedmore;Honor;Honor View 10;Android 8.0, up to Android 9.0, EMUI 9.1;2018
758;Tobey Bertelmot;Sagem;Sagem my800X;Feature phone;2006
759;Coletta MacAllester;Samsung;Samsung Galaxy S5 (USA);Android 4.4.2, up to 5.0.1, TouchWiz UI;2014
760;Terese Tinman;Lava;Lava Iris 470;Android 4.4.2;2015
761;Luther Slimming;Panasonic;Panasonic P11;Android 4.1.2;2013
762;Bentley Garrioch;XOLO;XOLO One;Android 4.4.2, up to 5.0;2014
763;Cy Cahani;alcatel;alcatel OT-E252;Feature phone;2005
764;Carmelle Caris;Eten;Eten glofiish X800;Microsoft Windows Mobile 6.0 Professional;2007
765;Morgan Escot;Meizu;Meizu M3e;Android 5.1, Flyme 5.2;2016
766;Pepi Perelli;Toshiba;Toshiba Excite Go;Android 4.4.2;2014
767;Worthington Jarmaine;Xiaomi;Xiaomi Redmi Note 5 AI Dual Camera;Android 8.0, MIUI 9;2018
768;Hale Beed;Micromax;Micromax Vdeo 4;Android 6.0;2017
769;Gayla McClymond;Motorola;Motorola V620;Feature phone;2004
770;Michaeline Remon;QMobile;QMobile Noir X450;Android 4.4.2;2015
771;Broddy O'Heaney;Vodafone;Vodafone Smart ultra 6;Android 5.0.1, up to 6.0.1;2015
772;Pandora Ponceford;VK;VK Mobile E100;Feature phone;2005
773;Austen Faccini;Spice;Spice QT-95;Feature phone;2010
774;Herc Dodds;Plum;Plum Boom;Feature phone;2011
775;Myrvyn Dodson;LG;LG GU200;Feature phone;2010
776;Karrie Giller;vivo;vivo X9 Plus;Android 6.1, up to Android 8, Funtouch 3;2016
777;Rorie Maxweell;Asus;Asus Zenfone Max Pro (M1) ZB601KL/ZB602K;Android 8.1, up to Android 9.0;2018
778;Nari Geck;Samsung;Samsung E200 ECO;Feature phone;2008
779;Lishe Wellings;Sharp;Sharp Aquos Xx;Android 5.0;2015
780;Hermine Merington;Sagem;Sagem my230x;Feature phone;2008
781;Andriette Yannikov;alcatel;alcatel 2005;Feature phone;2014
782;Max Pitford;Samsung;Samsung SGH-810;Feature phone;2000
783;Gardie Mallabund;verykool;verykool s352;Android 4.2;2014
784;Sunny Bramham;vivo;vivo X50e;Android 10, Funtouch 10;2020
785;Morie Henkens;Realme;Realme 3i;Android 9.0, up to Android 10, Realme UI;2019
786;Kassandra Pohlak;Archos;Archos Saphir 50X;Android 7.0;2018
787;Emmeline Garritley;alcatel;alcatel 5;Android 7.1;2018
788;Amil Nevitt;LG;LG Stylus 3;Android 7.0;2017
789;Carita Grishunin;Oppo;Oppo R11 Plus;Android 7.1.1, ColorOS 3.1;2017
790;Katharina Gorsse;Lenovo;Lenovo Yoga Tablet 10;Android 4.2;2013
791;Nell Housbey;HTC;HTC S710;Microsoft Windows Mobile 6.0 Standard;2007
792;Kessiah McCoveney;LG;LG G4 Beat;Android 5.1.1;2015
793;Allyce Kniveton;LG;LG GD350;Feature phone;2010
794;Kriste Godlee;Xiaomi;Xiaomi Mi Note 10;Android 9.0, up to Android 11, MIUI 12;2019
795;Phillip Beldum;Lava;Lava Iris 350m;Android 4.2.2;2014
796;Dalia Paquet;Asus;Asus V66;Feature phone;2006
797;Kristina Yeomans;ZTE;ZTE E N72;Microsoft Windows Mobile Professional;2010
798;Deanna Rudderham;LG;LG Trax CU575;Feature phone;2007
799;Siward Goldstein;Samsung;Samsung Galaxy Ace Plus S7500;Android 2.3, up to 4.1, TouchWiz UI;2012
800;Arleen Lemerle;OnePlus;OnePlus 3T;Android 6.0.1, up to Android 9.0;2016
801;Tome Duxfield;Sharp;Sharp SX862;Feature phone;2008
802;Thom Nairy;Lava;Lava Iris X1 Atom S;Android 4.4.2;2015
803;Saree Garford;Motorola;Motorola E895;Linux, JUIX UI;2005
804;Janelle Venditti;Bird;Bird V09;Feature phone;2004
805;Patrizius Halvosen;Yezz;Yezz Billy 4.7;Microsoft Windows Phone 8.1;2014
806;Jayson Librey;Pantech;Pantech GF500;Feature phone;2005
807;Maynard Hook;Micromax;Micromax Funbook Pro;Android 4.0.3;2012
808;Clemens Widmoor;Maxon;Maxon MX-6877;Feature phone;2000
809;Jeramie Skym;Spice;Spice M 4580;Feature phone;2010
810;Marie-ann Dinnies;HTC;HTC Desire 626;Android 4.4.4;2015
811;Emlynne Dalgleish;LG;"LG C900 Optimus 7Q ";Microsoft Windows Phone 7;2010
812;Gladi Sparkwill;Xiaomi;Xiaomi Mi CC9 Pro;Android 9.0, up to Android 11, MIUI 12;2019
813;Leontine Trevon;Samsung;Samsung Galaxy Tab 4 8.0 LTE;Android 4.4.2;2014
814;Clary Thelwll;Motorola;Motorola Electrify 2 XT881;Android 4.0.4;2012
815;Anna Hansed;Vodafone;Vodafone 710;Feature phone;2006
816;Rip Spriggen;Honor;Honor 20;Android 9.0, up to Android 10, Magic UI 4.0;2019
817;Emeline Hyrons;Pantech;Pantech Vega R3 IM-A850L;Android 4.0.4, up to 4.1;2012
818;Riccardo Kellegher;Philips;Philips W8555;Android 4.2;2013
819;Flossie Van Dalen;verykool;verykool SL5560 Maverick Pro;Android 6.0;2017
820;Ulla Dehn;LG;LG Lucid 3 VS876;Android 4.4.2;2014
821;Gil Noller;Samsung;Samsung S5600 Preston;Feature phone;2009
822;Wini Reichhardt;Samsung;Samsung I7500 Galaxy;Android 1.5;2009
823;Lexy Farfalameev;Spice;Spice QT-58;Feature phone;2010
824;Sosanna Pizer;Asus;Asus Zenfone Max Pro (M2) ZB631KL;Android 8.1, up to Android 9.0;2018
825;Torrie Bolt;alcatel;alcatel OT-206;Feature phone;2010
826;Mary Steane;Cat;Cat S62 Pro;Android 10;2020
827;Brody Coffelt;Samsung;Samsung Galaxy S7 mini;Android 6.0, TouchWiz UI;0
828;Agnesse Levay;Asus;Asus Zenfone 5 Lite A502CG (2014);Android 4.4.2;2014
829;Tatum Moxson;ZTE;ZTE nubia Z7;Android 4.4.2, nubia UI 2;2014
830;Archaimbaud Spens;LG;LG KC910 Renoir;Feature phone;2008
831;Madel Bick;Huawei;Huawei MediaPad M1;Android 4.2.2, EMUI 2;2014
832;Christa Ferrulli;LG;LG Harmony;Android 7.0;2017
833;Gerik Folling;Samsung;Samsung Galaxy J7 V;Android 7.0.1;2017
834;Tricia Barniss;i-mobile;i-mobile 522;Feature phone;2008
835;Geri Pharro;LG;LG B1200;Feature phone;2002
836;Jesse Dowsing;Yezz;Yezz Andy 5EI;Android 4.4.2;2014
837;Cookie Swyn;Celkon;Celkon C9;Feature phone;2010
838;Kriste Crossingham;LG;LG Optimus Pad V900;Android 3.0;2011
839;Wilbert Gumby;Nokia;Nokia 800c;Microsoft Windows Phone 7.5 Mango;2012
840;Peggy Ellwand;alcatel;alcatel OT-799 Play;Feature phone;2011
841;Iorgo McLachlan;Oppo;Oppo Reno4 F;Android 10, ColorOS 7.2;2020
842;Alano Mathes;Huawei;Huawei U1270;Feature phone;2009
843;Madelon Punshon;Nokia;Nokia C7 Astound;Symbian^3, up to Nokia Belle OS;2011
844;Isidore Liddle;Huawei;Huawei Y6 Prime (2018);Android 8.0, EMUI 8;2018
845;Marge Humbles;Amoi;Amoi WMA8508;Feature phone;0
846;Herculie Physic;Huawei;Huawei Ascend P7 Sapphire Edition;Android 4.4.2, EMUI 2.3;2014
847;Karisa Patterfield;Motorola;Motorola V872;Feature phone;2004
848;Denni Goeff;Samsung;Samsung Galaxy A12;Android 10, up to Android 11, One UI 3.1;2020
849;Taddeo Coils;LG;LG Enlighten VS700;Android 2.3;2011
850;Clemmy Lannin;Lenovo;Lenovo Z5 Pro;Android 8.1, ZUI 10;2018
851;Siffre Summons;Micromax;Micromax Canvas Juice 3+ Q394;Android 5.0;2015
852;Donella Bento;Oppo;Oppo A39;Android 5.1, ColorOS 3;2017
853;Shaine Jurgen;LG;LG KF755 Secret;Feature phone;2008
854;Verina Ablewhite;Gionee;Gionee M7 Plus;Android 7.1, Amigo 5;2018
855;Babs Szapiro;Nokia;Nokia 3110;Feature phone;1997
856;Luciana Andrat;Siemens;Siemens M75;Feature phone;2005
857;Bryan Jeram;Sagem;Sagem myMobileTV 2;Feature phone;2008
858;Lizbeth Schulkins;HTC;HTC P3350;Microsoft Windows Mobile 5.0 PocketPC;2007
859;Clerkclaude Crosston;Yezz;Yezz Andy YZ1100;Android 2.2.1;2011
860;Philomena Heyburn;alcatel;alcatel 1L (2021);Android 11;2021
861;Muriel Brosoli;Samsung;Samsung SGH-2100;Feature phone;1999
862;Dorie Fardell;Samsung;Samsung C3200 Monte Bar;Feature phone;2010
863;Pedro Farlamb;Lava;Lava Z60s;Android 8.1 Oreo;2018
864;Trix Antognozzii;Philips;Philips X809;Feature phone;2010
865;Miranda Gooden;Plum;Plum Link II;Android 4.2.2;2013
866;Helsa Kinkade;HTC;HTC Desire 326G dual sim;Android 4.4.2;2015
867;Jayme Lademann;Asus;Asus PadFone E;Android 4.3;2014
868;Bruce Mazonowicz;alcatel;alcatel OT-C717;Feature phone;2007
869;Prince Shottin;Philips;Philips D900;Microsoft Windows Mobile OS;2010
870;Caz Josifovic;Samsung;Samsung T349;Feature phone;2009
871;Cynthea Kop;LG;LG Optimus Chic E720;Android 2.2;2010
872;Cary Jurisch;Nokia;Nokia 6300;Feature phone;2007
873;Fredrika Ughi;Samsung;Samsung C270;Feature phone;2008
874;Orin Camp;Motorola;Motorola Moto E (2nd gen);Android 5.0/5.1 - only XT1527, up to 6.0;2015
875;Gualterio Eborn;Nokia;Nokia 3310 3G;Feature phone;2017
876;Sylas Lawlan;Huawei;Huawei MediaPad M6 Turbo 8.4;Android 9.0, EMUI 9.1;2019
877;Nataline Railton;Lenovo;Lenovo A6000 Plus;Android 4.4.4, up to 5.2;2015
878;Dody Maciaszek;Samsung;Samsung Star 3 Duos S5222;Feature phone;2012
879;Gannie Parriss;Maxwest;Maxwest Orbit 5400T;Android 4.2.2;2013
880;Tarra Kulic;Honor;Honor 7A;Android 8.0, EMUI 8;2018
881;Ermengarde Lages;alcatel;alcatel OT-800 One Touch CHROME;Feature phone;2009
882;Andy Boatman;Innostream;Innostream INNO 78;Feature phone;2004
883;Garwood MacRinn;Samsung;Samsung Google Nexus S I9020A;Android 2.3;2011
884;Nilson Kusick;Nokia;Nokia 2110;Feature phone;1995
885;Danit Ros;Allview;Allview H2 Qubo;Android 4.2;2013
886;Whitney Willox;BenQ;BenQ Z2;Feature phone;2005
887;Diena Lithcow;ZTE;ZTE Reef;Android 4.1;2013
888;Janel Zimmermanns;alcatel;alcatel OT 331;Feature phone;2003
889;Abby Busst;BQ;BQ Aquaris U Lite;Android 6.0.1, up to 7.0;2016
890;Gearard Piegrome;Celkon;Celkon Q455;Android 4.4.2;2014
891;Tabby Soutar;LG;LG A160;Feature phone;2011
892;Lorant Cowely;Toshiba;Toshiba 903T;Feature phone;2005
893;Gertrude Bolino;Allview;Allview AX4 Nano;Android 4.2;2014
894;Lavena Eccott;Samsung;Samsung Galaxy S Relay 4G T699;Android 4.0;2012
895;Bryn McGurn;Ulefone;Ulefone Armor 6S;Android 9.0;2019
896;Reynard Sellek;Acer;Acer Liquid E1;Android 4.1.1;2013
897;Letitia Gasker;Maxwest;Maxwest Astro JR;Android 4.2.2;2014
898;Antonina Falkous;Lenovo;"Lenovo Yoga Tablet 2 8.0 ";Android 4.4.2, up to 5.0;2014
899;Tiphani Dressel;HTC;HTC DROID DNA;Android 4.1, up to 4.2, Sense UI 4+;2012
900;Malvina Priestley;Lenovo;Lenovo A6000 Plus;Android 4.4.4, up to 5.2;2015
901;Shela O' Connell;Motorola;Motorola Moto E5;Android 8.0;2018
902;Allin Kewish;HTC;HTC HD7;Microsoft Windows Phone 7;2010
903;Johny Androletti;Acer;Acer Liquid E3;Android 4.2.2;2014
904;Leora Sherar;Yezz;Yezz Andy 3.5EI2;Android 4.4;2015
905;Duff Barensen;alcatel;alcatel OT-890D;Android 2.2;2011
906;Mariel Hamnett;Energizer;Energizer Energy 240;Feature phone;2015
907;Kelci Twelves;verykool;verykool i133;Feature phone;2013
908;Domenico Busse;Infinix;Infinix Smart3 Plus;Android 9.0;2019
909;Agneta Tyson;Sony;Sony Xperia acro HD SO-03D;Android 2.3;2012
910;Myrah Gillyatt;LG;LG T510;Feature phone;2011
911;Olin Rapkins;i-mate;i-mate JAMin;Microsoft Windows Mobile 5.0 PocketPC;2006
912;Andreas Poulton;Nokia;Nokia X2-00;Feature phone;2010
913;Beverlie Blundan;Sony;Sony Ericsson J210;Feature phone;2005
914;Tawsha Tomley;BLU;BLU Studio Max;Android 6.0;2016
915;Pris Olohan;Plum;Plum Might LTE;Android 4.4.2;2014
916;Sydelle Lavell;Asus;Asus ROG Phone ZS600KL;Android 8.1, up to 9.0, ROG Gaming X UI;2018
917;Bernarr Marchello;Samsung;Samsung M370;Feature phone;2012
918;Niki Stainton - Skinn;QMobile;QMobile Noir Z8 Plus;Android 4.4.2;2015
919;Janot Shoosmith;Philips;Philips Genie;Feature phone;1999
920;Darren Sewell;Posh;Posh Titan Max HD E600;Android 4.4.2;2015
921;Corilla Bidewell;Pantech;Pantech PG-1600;Feature phone;0
922;Alane Chasen;Samsung;Samsung X160;Feature phone;2006
923;Ilyssa Dietmar;BLU;BLU Samba W;Feature phone;2013
924;Adham Russan;Lenovo;Lenovo K5;Android 7.1, ZUI Lite 3.1;2018
925;Faina Fulloway;Micromax;Micromax Bolt Selfie Q424;Android 5.1;2016
926;Sonia Slimon;LG;LG Optimus L4 II Tri E470;Android 4.1.2;2013
927;Rockey Issit;BLU;BLU Touchbook M7 Pro;Android 7.0;2017
928;Elvin Catherall;Asus;Asus E600;Microsoft Windows Phone 7;0
929;Rance Bonett;HP;HP iPAQ hw6915;Microsoft Windows Mobile 2005 PocketPC;2006
930;Katlin Martyns;Motorola;Motorola Moto E (2nd gen);Android 5.0/5.1 - only XT1527, up to 6.0;2015
931;Ameline Sentance;vivo;vivo Z3x;Android 9.0, Funtouch 9;2019
932;Nicki Guittet;LeEco;LeEco Le S3;Android 6.0, eUI;2016
933;Sib Errichiello;alcatel;alcatel Idol 3C;Android 5.0;2015
934;Peg Feaks;Samsung;Samsung Galaxy Nexus I9250;Android OS 4.0, up to 4.3;2011
935;Tobey Ellit;Sharp;Sharp R1S;Android 7.0;2018
936;Mal Benneton;HTC;HTC Windows Phone 8X CDMA;Microsoft Windows Phone 8;2012
937;Aurie Soulsby;Allview;Allview Viva 1003G Lite;Android 8.1 Oreo;2019
938;Aubine Parell;verykool;verykool i600;Feature phone;2011
939;Cordy Buffham;Samsung;Samsung Galaxy Tab 2 7.0 P3110;Android 4.0.3, up to 4.2.2, TouchWiz UX UI;2012
940;Ulrica Giovannacci;Emporia;Emporia Eco;Feature phone;2014
941;Haily Hatherill;Telit;Telit t250;Feature phone;0
942;Fae Livett;Celkon;Celkon C769;Feature phone;2012
943;Nicola Tebbit;Panasonic;Panasonic MX6;Feature phone;2005
944;Aldridge Danelut;LG;LG GB125;Feature phone;2009
945;Rance Duiged;Micromax;Micromax G4;Feature phone;2010
946;Willette Pettigrew;LG;LG Optimus Q2 LU6500;Android 2.3.4;2011
947;Gabriella Issacof;Lava;Lava X28;Android 6.0;2016
948;Delora Siggens;i-mobile;i-mobile Hitz 210;Feature phone;2009
949;Olvan Danniel;BLU;BLU G50 Plus;Android 10;2020
950;Annice Curthoys;vivo;vivo Y37;Android 5.0, Funtouch 2.1;2015
951;Marcille Goakes;Motorola;Motorola MILESTONE 2 ME722;Android 2.2;2011
952;Lynsey Kedwell;Eten;Eten glofiish V900;Microsoft Windows Mobile 6.1 Professional;2008
953;Oby McCaighey;Samsung;Samsung Dart T499;Android 2.2;2011
954;Starlene Hefforde;LG;LG L343i;Feature phone;2006
955;Trevor Davidson;Philips;Philips X510;Feature phone;2010
956;Karon Baddow;verykool;verykool T742;Android 4.2;2014
957;Larine Anthoin;NIU;NIU Niutek 3.5D2;Android 4.2;2014
958;Barbra Herrema;Allview;Allview X3 Soul Style;Android 6.0;2016
959;Darrelle Baudassi;Lenovo;Lenovo K6 Note;Android 6.0;2016
960;Candice Monnelly;Motorola;Motorola One Hyper;Android 10, up to Android 11;2020
961;Brice Ferson;Yezz;Yezz Monte Carlo 55 LTE VR;Android 5.1;2016
962;Jake Sandwich;vivo;vivo V9 6GB;Android 8.1, Funtouch 4;2018
963;Ileane Gheorghie;Nokia;Nokia 8 Sirocco;Android 8.0, up to Android 10, Android One;2018
964;Kellina Husk;Coolpad;Coolpad Shine;Android 5.1;2015
965;Vivi Springle;HP;HP Pro Slate 10 EE G1;Android 4.4.4;2015
966;Kathie Mc Caughen;VK;VK Mobile VK4500;Feature phone;2005
967;Olivier Bickardike;Parla;Parla Mist;Feature phone;2012
968;Connor Dickie;HTC;HTC 10;Android 6.0.1, up to Android 8.0, Sense UI;2016
969;Dorette Daniell;Asus;Asus Zenfone 5z ZS620KL;Android 8.0, up to Android 10;2018
970;Gabbey Rosi;Samsung;Samsung T819;Feature phone;2008
971;Lilah Hirth;Huawei;Huawei Ascend D1;Android 4.0, up to 4.2;2012
972;Talya Wharfe;BLU;BLU Neo XL;Android 5.1;2016
973;Micaela Dering;Prestigio;Prestigio MultiPad Note 8.0 3G;Android 4.1;2013
974;Jessalin Noor;Gigabyte;Gigabyte GSmart GS202;Android 4.0;2012
975;Alejandra Napoleon;Parla;Parla Zum;Feature phone;2012
976;Neil Le Friec;Micromax;Micromax W900;Microsoft Windows Mobile 6.1 Professional;2010
977;Nani Tichner;BLU;BLU Selfie;Android 4.4.2;2015
978;Bevan Staddon;Lenovo;Lenovo Tab S8;Android 4.4.2;2014
979;Ansel Judron;Nokia;Nokia N90;Symbian OS 8.1a , Series 60 UI;2005
980;Toni Whimp;Allview;Allview P5 Life;Android 5.0;2014
981;Daffie Jackalin;Micromax;Micromax Canvas Turbo;Android 4.2.1;2013
982;Devonna Tilliards;Gionee;Gionee Elife S5.1;Android 4.4.2, Amigo OS 2;2014
983;Russell Glawsop;Huawei;Huawei MediaPad M5 8;Android 8.0, EMUI 8;2018
984;Wilek Antowski;Pantech;Pantech Jest II;Feature phone;2011
985;Dexter Midford;ZTE;ZTE Blade A2 Plus;Android 6.0, MiFavor UI;2017
986;Sandi Bartozzi;LG;LG KM500;Feature phone;2008
987;Deloria Whittall;Lenovo;Lenovo Vibe P1 Turbo;Android 5.1;2016
988;Malissa Scamel;Nokia;Nokia 6131 NFC;Feature phone;2007
989;Berty Donizeau;Nokia;Nokia 220;Feature phone;2014
990;Gayla Coates;Lava;Lava A76+;Android 6.0;2016
991;Jesus Desforges;Motorola;Motorola GLEAM+ WX308;Feature phone;2012
992;Coral Dibb;Tecno;Tecno Spark 4;Android 9.0, HIOS 5.5;2019
993;Trumaine Bryns;Sagem;Sagem my419x;Feature phone;2008
994;Nevins McLise;Samsung;Samsung Galaxy Tab 2 10.1 P5110;Android 4.0.3, up to 4.2.2, TouchWiz UX UI;2012
995;Eveline Kench;Motorola;Motorola U9;Linux / Java-based MOTOMAGX;2008
996;Troy McPake;Nokia;Nokia Lumia 638;Microsoft Windows Phone 8.1;2014
997;Audie McQuillin;BenQ;BenQ U700;Feature phone;0
998;Lenee Vannuccini;NIU;NIU LIV 10;Feature phone;2013
999;Gayle Mill;Xiaomi;Xiaomi Redmi Note;Android 4.2, up to 4.4.4, MIUI 9.2;2014
1000;Adriena Grouen;ZTE;ZTE Kis III V790;Android 2.3;2012