szinkid;szinesz;szerep;magyarhang;filmaz;cim;ev;korhataros;magyarszoveg;szinkronrendezo
1003;Aaron Eckhart;Harvey Dent (Kétarc);Széles László;101;Batman: A sötét lovag;2008;1;Tóth Tamás;Tabák Kata
1712;Ada Nicodemou;DuJour;Bártfai Andrea;137;Mátrix;1999;1;Görgényi Tamás;Báthory Orsolya
1100;Adrien Brody;Wladyslaw Szpilman;Viczián Ottó;105;A zongorista;2002;1;Pallinger Emőke;Orosz Ildikó
1451;Ahmed Best;Jar Jar Binks (hangja);Bicskey Lukács;123;Csillagok háborúja III. - A Sith-ek bosszúja;2005;0;Tóth Tamás;Csörögi István
1428;Ahmed Best;Jar Jar Binks (hangja);Bicskey Lukács;122;Csillagok háborúja II. - A klónok támadás;2002;0;Tóth Tamás;Csörögi István
1404;Ahmed Best;Jar Jar Binks (hangja);Bicskey Lukács;121;Csillagok háborúja I. - Baljós árnyak;1999;0;Tóth Tamás;Csörögi István
1030;Aidan Gillen;CIA-ügynök;Görög László;102;A Gyűrűk Ura: A király visszatér;2003;0;Pataricza Eszter;Csörögi István
1697;Al Leong;Uli;Botár Endre;136;Drágán add az életed;1988;1;Bari Judit;Mauchner József
1659;Al Matthews;Apone őrmester;Kránitz Lajos;134;A bolygó neve: Halál;1986;1;Schéry András;Várkonyi Gyula
1064;Alan Howard;Szauron (hangja);Dengyel Iván;103;A Gyűrűk Ura: A Gyűrű szövetsége;2001;0;Pataricza Eszter;Csörögi István
1688;Alan Rickman;Hans Gruber;Helyey László;136;Drágán add az életed;1988;1;Bari Judit;Mauchner József
1482;Alan Rickman;Perselus Piton professzor;Tahi Tóth László;125;Harry Potter és a Titkok Kamrája;2002;0;Tóth Tamás;Csörögi István
1516;Alan Rickman;Perselus Piton professzor;Tahi Tóth László;126;Harry Potter és az azkabani fogoly;2004;0;Tóth Tamás;Csörögi István
1465;Alan Rickman;Perselus Piton professzor;Tahi Tóth László;124;Harry Potter és a Bölcsek Köve;2001;0;Tóth Tamás;Csörögi István
1357;Alba Gaïa Kraghede Bellugi;Elisa;Csifó Dorina;119;Életrevalók;2011;0;Molnár Anna;Dóczi Orsolya
1757;Alberto Morin;Francia tiszt, aki inzultálja Yvonne-t;Szabó Ottó;140;Casablanca;1942;0;Nagy Vilma;Sipos Varga Éva
1729;Aldo Giuffrè;Alkoholista északi kapitány;Sörös Sándor;139;Il buono, il brutto, il cattivo;1966;1;Résch Éva;Vas János
1181;Alec Baldwin;Ellerby;Haás Vander Péter;109;A tégla;2006;1;Joó Eszter;Báthory Orsolya
1548;Alec Guinness;Obi-Wan Kenobi;Bács Ferenc;127;Csillagok háborúja V. - A Birodalom visszavág;1980;0;Schéry András;Dr. Márkus Éva
1227;Alexander Fehling;Wilhelm törzsőrmester (Pola Negri);Magyar Bálint;112;Becstelen brigantyk;2009;1;Fuchs Dániel;Földi Tamás
1683;Alexander Godunov;Karl;Böröndi Tamás;136;Drágán add az életed;1988;1;Bari Judit;Mauchner József
1120;Alexandre Rodrigues;Rakéta;Molnár Levente;106;Isten városa;2002;1;Abed Hadi Forát;Földi Tamás
1595;Alexis Arquette;Negyedik srác;Kálid Artúr;129;Ponyvaregény;1994;1;Schéry András;Juhász Anna
1128;Alice Braga;Angélica;Nemes Takách Kata;106;Isten városa;2002;1;Abed Hadi Forát;Földi Tamás
1099;Alistair Browning;Damrod;Végh Ferenc;104;A Gyűrűk Ura: A két torony;2002;0;Pataricza Eszter;Csörögi István
1026;Alon Aboutboul;Dr. Pavel;Sipos Imre;102;A Gyűrűk Ura: A király visszatér;2003;0;Pataricza Eszter;Csörögi István
1415;Amanda Lucas;Tey How;Zsolnai Júlia;121;Csillagok háborúja I. - Baljós árnyak;1999;0;Tóth Tamás;Csörögi István
1576;Amanda Plummer;Nyuszimuszi (Yolanda);Vándor Éva;129;Ponyvaregény;1994;1;Schéry András;Juhász Anna
1691;Andreas Wisniewski;Tony;Vogt Károly;136;Drágán add az életed;1988;1;Bari Judit;Mauchner József
1427;Andrew Secombe;Watto (hangja);Besenczi Árpád;122;Csillagok háborúja II. - A klónok támadás;2002;0;Tóth Tamás;Csörögi István
1403;Andrew Secombe;Watto (hangja);Besenczi Árpád;121;Csillagok háborúja I. - Baljós árnyak;1999;0;Tóth Tamás;Csörögi István
1108;Andrew Tiernan;Szalas;Holl Nándor;105;A zongorista;2002;1;Pallinger Emőke;Orosz Ildikó
1063;Andy Serkis;Gollam;Láng Balázs;103;A Gyűrűk Ura: A Gyűrű szövetsége;2001;0;Pataricza Eszter;Csörögi István
1076;Andy Serkis;Gollam;Láng Balázs;104;A Gyűrűk Ura: A két torony;2002;0;Pataricza Eszter;Csörögi István
1166;Andy Serkis;Alley;Kőszegi Ákos;108;A tökéletes trükk;2006;0;Szép Erzsébet;Rehorovszky Béla
1587;Angela Jones;Esmarelda Villa Lobos;Tóth Enikő;129;Ponyvaregény;1994;1;Schéry András;Juhász Anna
1733;Angelo Novi;Szerzetes;Varga T. József;139;Il buono, il brutto, il cattivo;1966;1;Résch Éva;Vas János
1286;Angus Barnett;Mullroy;Szűcs Sándor;115;A Karib-tenger kalózai - A Fekete Gyöngy átka;2003;0;Heltai Olga;Kosztola Tibor
1304;Anne Hathaway;Brand;Horváth Lili;117;Csillagok között;2014;0;Tóth Tamás;Nikodém Zsigmond
1021;Anne Hathaway;Selina;Bogdányi Titanilla;102;A Gyűrűk Ura: A király visszatér;2003;0;Pataricza Eszter;Csörögi István
1351;Anne Le Ny;Yvonne;Igó Éva;119;Életrevalók;2011;0;Molnár Anna;Dóczi Orsolya
1180;Anthony Anderson;Brown;Elek Ferenc;109;A tégla;2006;1;Joó Eszter;Báthory Orsolya
1405;Anthony Daniels;C-3PO (hangja);Józsa Imre;121;Csillagok háborúja I. - Baljós árnyak;1999;0;Tóth Tamás;Csörögi István
1549;Anthony Daniels;C-3PO;Szatmári István;127;Csillagok háborúja V. - A Birodalom visszavág;1980;0;Schéry András;Dr. Márkus Éva
1452;Anthony Daniels;C-3PO;Józsa Imre;123;Csillagok háborúja III. - A Sith-ek bosszúja;2005;0;Tóth Tamás;Csörögi István
1429;Anthony Daniels;C-3PO;Józsa Imre;122;Csillagok háborúja II. - A klónok támadás;2002;0;Tóth Tamás;Csörögi István
1607;Anthony Higgins;Gobler;Harmath Imre;130;Az elveszett frigyláda fosztogatói;1981;0;Schéry András;Kosztola Tibor
1014;Anthony Michael Hall;Mike Engel;Juhász György;101;Batman: A sötét lovag;2008;1;Tóth Tamás;Tabák Kata
1114;Anthony Milner;Átkelésre váró férfi;Pálfai Péter;105;A zongorista;2002;1;Pallinger Emőke;Orosz Ildikó
1705;Anthony Ray Parker;Dozer;Bognár Tamás;137;Mátrix;1999;1;Görgényi Tamás;Báthory Orsolya
1734;Antonio Casas;Stevens;Fillár István;139;Il buono, il brutto, il cattivo;1966;1;Résch Éva;Vas János
1737;Antonio Molino Rojo;Harper százados;Perlaki István;139;Il buono, il brutto, il cattivo;1966;1;Résch Éva;Vas János
1671;Ariana Richards;Lex Murphy;Vadász Bea;135;Jurassic Park;1993;0;Lajos Géza;Lengyel László
1716;Arnold Schwarzenegger;A Terminátor;Gáti Oszkár;138;Terminátor - A halálosztó;1984;1;Szojka László;Kozma Attila
1388;Ashlie Atkinson;Rochelle Applebaum;Sági Tímea;120;A Wall Street farkasa;2013;1;Szabadfalvi András;Dóczi Orsolya
1352;Audrey Fleurot;Magalie;Major Melinda;119;Életrevalók;2011;0;Molnár Anna;Dóczi Orsolya
1223;August Diehl;Dieter Hellstrom őrnagy;Király Adrián;112;Becstelen brigantyk;2009;1;Fuchs Dániel;Földi Tamás
1385;Aya Cash;Janet;Bogdányi Titanilla;120;A Wall Street farkasa;2013;1;Szabadfalvi András;Dóczi Orsolya
1221;B.J. Novak;Smithson Utivich őrvezető;Szabó Máté;112;Becstelen brigantyk;2009;1;Fuchs Dániel;Földi Tamás
1673;BD Wong;Henry Wu;Felföldi László;135;Jurassic Park;1993;0;Lajos Géza;Lengyel László
1707;Belinda McClory;Switch;Schell Judit;137;Mátrix;1999;1;Görgényi Tamás;Báthory Orsolya
1027;Ben Mendelsohn;Daggett;Rajkai Zoltán;102;A Gyűrűk Ura: A király visszatér;2003;0;Pataricza Eszter;Csörögi István
1078;Bernard Hill;Théoden;Ujréti László;104;A Gyűrűk Ura: A két torony;2002;0;Pataricza Eszter;Csörögi István
1722;Bess Motta;Ginger Ventura;Botos Éva;138;Terminátor - A halálosztó;1984;1;Szojka László;Kozma Attila
1309;Bill Irwin;TARS (hangja);Mertz Tibor;117;Csillagok között;2014;0;Tóth Tamás;Nikodém Zsigmond
1656;Bill Paxton;Hudson közlegény;Juhász Jácint;134;A bolygó neve: Halál;1986;1;Schéry András;Várkonyi Gyula
1052;Billy Boyd;Pippin;Lippai László;103;A Gyűrűk Ura: A Gyűrű szövetsége;2001;0;Pataricza Eszter;Csörögi István
1073;Billy Boyd;Pippin;Lippai László;104;A Gyűrűk Ura: A két torony;2002;0;Pataricza Eszter;Csörögi István
1551;Billy Dee Williams;Lando Calrissian;Ujréti László;127;Csillagok háborúja V. - A Birodalom visszavág;1980;0;Schéry András;Dr. Márkus Éva
1383;Bo Dietl;Önmaga;Papp János;120;A Wall Street farkasa;2013;1;Szabadfalvi András;Dóczi Orsolya
1559;Bob Gunton;Norton igazgató;Végvári Tamás;128;A remény rabjai;1994;1;Cser László;Szalay Éva
1668;Bob Peck;Robert Muldoon;Gáti Oszkár;135;Jurassic Park;1993;0;Lajos Géza;Lengyel László
1682;Bonnie Bedelia;Holly Gennero McClane;Andresz Kati;136;Drágán add az életed;1988;1;Bari Judit;Mauchner József
1433;Bonnie Piesse;Beru Whitesun;F. Nagy Erika;122;Csillagok háborúja II. - A klónok támadás;2002;0;Tóth Tamás;Csörögi István
1535;Bonnie Wright;Ginny Weasley;Csifó Dorina;126;Harry Potter és az azkabani fogoly;2004;0;Tóth Tamás;Csörögi István
1502;Bonnie Wright;Ginny Weasley;Csifó Dorina;125;Harry Potter és a Titkok Kamrája;2002;0;Tóth Tamás;Csörögi István
1082;Brad Dourif;Kígyónyelvű;Kőszegi Ákos;104;A Gyűrűk Ura: A két torony;2002;0;Pataricza Eszter;Csörögi István
1211;Brad Pitt;Aldo Raine hadnagy, az Apacs;Varga Gábor;112;Becstelen brigantyk;2009;1;Fuchs Dániel;Földi Tamás
1036;Brent Briscoe;Veterán rendőr;Bácskai János;102;A Gyűrűk Ura: A király visszatér;2003;0;Pataricza Eszter;Csörögi István
1032;Brett Cullen;Képviselő;Sörös Sándor;102;A Gyűrűk Ura: A király visszatér;2003;0;Pataricza Eszter;Csörögi István
1408;Brian Blessed;Boss Nass (hangja);Koroknay Géza;121;Csillagok háborúja I. - Baljós árnyak;1999;0;Tóth Tamás;Csörögi István
1568;Brian Libby;Floyd;Hankó Attila;128;A remény rabjai;1994;1;Cser László;Szalay Éva
1378;Brian Sacca;Robbie Feinberg;Czvetkó Sándor;120;A Wall Street farkasa;2013;1;Szabadfalvi András;Dóczi Orsolya
1584;Bronagh Gallagher;Trudy;Náray Erika;129;Ponyvaregény;1994;1;Schéry András;Juhász Anna
1554;Bruce Boa;Carlist Rieekan tábornok;Füzessy Ottó;127;Csillagok háborúja V. - A Birodalom visszavág;1980;0;Schéry András;Dr. Márkus Éva
1340;Bruce Dern;Vén Carracun;Borbiczki Ferenc;118;Django elszabadul;2012;1;Heltai Olga;Báthory Orsolya
1089;Bruce Hopkins;Gamling;Barbinek Péter;104;A Gyűrűk Ura: A két torony;2002;0;Pataricza Eszter;Csörögi István
1454;Bruce Spence;Tion Medon;Kristóf Tibor;123;Csillagok háborúja III. - A Sith-ek bosszúja;2005;0;Tóth Tamás;Csörögi István
1582;Bruce Willis;Butch Coolidge;Dörner György;129;Ponyvaregény;1994;1;Schéry András;Juhász Anna
1680;Bruce Willis;John McClane;Vass Gábor;136;Drágán add az életed;1988;1;Bari Judit;Mauchner József
1690;Bruno Doyon;Franco;Varga Károly;136;Drágán add az életed;1988;1;Bari Judit;Mauchner József
1028;Burn Gorman;Stryver;Welker Gábor;102;A Gyűrűk Ura: A király visszatér;2003;0;Pataricza Eszter;Csörögi István
1594;Burr Steers;Roger;Bozsó Péter;129;Ponyvaregény;1994;1;Schéry András;Juhász Anna
1194;Callum Keith Rennie;Dodd;Tóth Roland;110;Memento;2000;1;Abed Hadi Forát;Nikodém Zsigmond
1093;Calum Gittins;Haleth;Kováts Dániel;104;A Gyűrűk Ura: A két torony;2002;0;Pataricza Eszter;Csörögi István
1677;Cameron Thor;Lewis Dodgson;Forgács Péter;135;Jurassic Park;1993;0;Lajos Géza;Lengyel László
1614;Carl Gottlieb;Ben Meadows;Maros Gábor;131;A cápa I.;1975;1;Soproni Klára;Aprics László
1547;Carrie Fisher;Leia Organa hercegnő;Bencze Ilona;127;Csillagok háborúja V. - A Birodalom visszavág;1980;0;Schéry András;Dr. Márkus Éva
1652;Carrie Henn;Rebecca `Nyuszi` Jorden;Ardai Viktória;134;A bolygó neve: Halál;1986;1;Schéry András;Várkonyi Gyula
1189;Carrie-Anne Moss;Natalie;Für Anikó;110;Memento;2000;1;Abed Hadi Forát;Nikodém Zsigmond
1699;Carrie-Anne Moss;Trinity;Nagy-Kálózy Eszter;137;Mátrix;1999;1;Görgényi Tamás;Báthory Orsolya
1315;Casey Affleck;Tom;Hevér Gábor;117;Csillagok között;2014;0;Tóth Tamás;Nikodém Zsigmond
1637;Casey Siemaszko;3-D;Kerekes József;132;Vissza a jövőbe I.;1985;0;Sarodi Tibor;Kiss Beáta
1086;Cate Blanchett;Galadriel;Kovács Nóra;104;A Gyűrűk Ura: A két torony;2002;0;Pataricza Eszter;Csörögi István
1060;Cate Blanchett;Galadriel;Kovács Nóra;103;A Gyűrűk Ura: A Gyűrű szövetsége;2001;0;Pataricza Eszter;Csörögi István
1252;Charles Edwards;Wayne Enterprises igazgatósági tag;Juhász György;113;Batman: Kezdődik!;2005;0;Joó Eszter;Báthory Orsolya
1755;Charles La Torre;Tonnelli kapitány;Horkai János;140;Casablanca;1942;0;Nagy Vilma;Sipos Varga Éva
1209;Charly Hübner;Udo;Hajdu István;111;A mások élete;2006;1;Simon Nóra;Kosztola Tibor
1010;Chin Han;Lau;Zámbori Soma;101;Batman: A sötét lovag;2008;1;Tóth Tamás;Tabák Kata
1033;Chris Ellis;Reilly atya;Perlaki István;102;A Gyűrűk Ura: A király visszatér;2003;0;Pataricza Eszter;Csörögi István
1532;Chris Rankin;Percy Weasley;Petrik Péter;126;Harry Potter és az azkabani fogoly;2004;0;Tóth Tamás;Csörögi István
1499;Chris Rankin;Percy Weasley;Petrik Péter;125;Harry Potter és a Titkok Kamrája;2002;0;Tóth Tamás;Csörögi István
1414;Chris Sanders;Daultay Dofine;Pataki Imre;121;Csillagok háborúja I. - Baljós árnyak;1999;0;Tóth Tamás;Csörögi István
1354;Christian Ameri;Albert;Cs. Németh Lajos;119;Életrevalók;2011;0;Molnár Anna;Dóczi Orsolya
1017;Christian Bale;Bruce Wayne (Batman);Fekete Ernő Tibor;102;A Gyűrűk Ura: A király visszatér;2003;0;Pataricza Eszter;Csörögi István
1001;Christian Bale;Bruce Wayne (Batman);Fekete Ernő Tibor;101;Batman: A sötét lovag;2008;1;Tóth Tamás;Tabák Kata
1160;Christian Bale;Alfred Borden;Fekete Ernő Tibor;108;A tökéletes trükk;2006;0;Szép Erzsébet;Rehorovszky Béla
1228;Christian Bale;Bruce Wayne (Batman);Fekete Ernő Tibor;113;Batman: Kezdődik!;2005;0;Joó Eszter;Báthory Orsolya
1495;Christian Coulson;Tom Denem;Simonyi Balázs;125;Harry Potter és a Titkok Kamrája;2002;0;Tóth Tamás;Csörögi István
1326;Christoph Waltz;Dr. King Schultz;Csankó Zoltán;118;Django elszabadul;2012;1;Heltai Olga;Báthory Orsolya
1212;Christoph Waltz;Hans Landa SS-ezredes;Csankó Zoltán;112;Becstelen brigantyk;2009;1;Fuchs Dániel;Földi Tamás
1045;Christopher Judge;Bane zsoldosa;Galambos Péter;102;A Gyűrűk Ura: A király visszatér;2003;0;Pataricza Eszter;Csörögi István
1056;Christopher Lee;Szarumán;Reviczky Gábor;103;A Gyűrűk Ura: A Gyűrű szövetsége;2001;0;Pataricza Eszter;Csörögi István
1448;Christopher Lee;Dooku gróf (Darth Tyranus);Szilágyi Tibor;123;Csillagok háborúja III. - A Sith-ek bosszúja;2005;0;Tóth Tamás;Csörögi István
1424;Christopher Lee;Dooku gróf (Darth Tyranus);Szilágyi Tibor;122;Csillagok háborúja II. - A klónok támadás;2002;0;Tóth Tamás;Csörögi István
1077;Christopher Lee;Szarumán;Reviczky Gábor;104;A Gyűrűk Ura: A két torony;2002;0;Pataricza Eszter;Csörögi István
1626;Christopher Lloyd;Dr. Emmett Brown;Rajhona Ádám;132;Vissza a jövőbe I.;1985;0;Sarodi Tibor;Kiss Beáta
1581;Christopher Walken;Koons százados;Mihályi Győző;129;Ponyvaregény;1994;1;Schéry András;Juhász Anna
1233;Cillian Murphy;Dr. Jonathan Crane;Széles Tamás;113;Batman: Kezdődik!;2005;0;Joó Eszter;Báthory Orsolya
1041;Cillian Murphy;Dr. Jonathan Crane;Széles Tamás;102;A Gyűrűk Ura: A király visszatér;2003;0;Pataricza Eszter;Csörögi István
1296;Cillian Murphy;Robert Fischer;Welker Gábor;116;Eredet;2010;1;Tóth Tamás;Tabák Kata
1561;Clancy Brown;Hadley kapitány;Gesztesi Károly;128;A remény rabjai;1994;1;Cser László;Szalay Éva
1689;Clarence Gilyard, Jr.;Theo;Lesznek Tibor;136;Drágán add az életed;1988;1;Bari Judit;Mauchner József
1741;Claude Rains;Renault kapitány;Agárdy Gábor;140;Casablanca;1942;0;Nagy Vilma;Sipos Varga Éva
1630;Claudia Wells;Jennifer Parker;Földesi Judit;132;Vissza a jövőbe I.;1985;0;Sarodi Tibor;Kiss Beáta
1726;Clint Eastwood;Joe (Szőke);Rátóti Zoltán;139;Il buono, il brutto, il cattivo;1966;1;Résch Éva;Vas János
1553;Clive Revill;Palpatine uralkodó;Versényi László;127;Csillagok háborúja V. - A Birodalom visszavág;1980;0;Schéry András;Dr. Márkus Éva
1353;Clotilde Mollet;Marcelle;Ősi Ildikó;119;Életrevalók;2011;0;Molnár Anna;Dóczi Orsolya
1662;Colette Hiller;Ferro tizedes;Frajt Edit;134;A bolygó neve: Halál;1986;1;Schéry András;Várkonyi Gyula
1016;Colin McFarlane;Gillian B. Loeb rendőrfőkapitány;Jakab Csaba;101;Batman: A sötét lovag;2008;1;Tóth Tamás;Tabák Kata
1242;Colin McFarlane;Loeb;Vass Gábor;113;Batman: Kezdődik!;2005;0;Joó Eszter;Báthory Orsolya
1320;Collette Wolfe;Ms. Hanley;Roatis Andrea;117;Csillagok között;2014;0;Tóth Tamás;Nikodém Zsigmond
1144;Connie Nielsen;Lucilla;Fullajtár Andrea;107;Gladiátor;2000;1;Speier Dávid;Dóczi Orsolya
1742;Conrad Veidt;Strasser őrnagy;Somogyvári Rudolf;140;Casablanca;1942;0;Nagy Vilma;Sipos Varga Éva
1342;Cooper Huckabee;Kicsi Raj Brittle;Tamási Zoltán;118;Django elszabadul;2012;1;Heltai Olga;Báthory Orsolya
1062;Craig Parker;Haldír;Markovics Tamás;103;A Gyűrűk Ura: A Gyűrű szövetsége;2001;0;Pataricza Eszter;Csörögi István
1087;Craig Parker;Haldír;Markovics Tamás;104;A Gyűrűk Ura: A két torony;2002;0;Pataricza Eszter;Csörögi István
1628;Crispin Glover;George McFly;Zsótér Sándor;132;Vissza a jövőbe I.;1985;0;Sarodi Tibor;Kiss Beáta
1641;Cristen Kauffman;Betty;Farkasinszky Edit;132;Vissza a jövőbe I.;1985;0;Sarodi Tibor;Kiss Beáta
1373;Cristin Milioti;Teresa Petrillo;Pálmai Anna;120;A Wall Street farkasa;2013;1;Szabadfalvi András;Dóczi Orsolya
1749;Curt Bois;Zsebtolvaj;Kabos László;140;Casablanca;1942;0;Nagy Vilma;Sipos Varga Éva
1356;Cyril Mendy;Adama;Berkes Bence;119;Életrevalók;2011;0;Molnár Anna;Dóczi Orsolya
1115;Cyril Shaps;Mr. Grün;Verebély Iván;105;A zongorista;2002;1;Pallinger Emőke;Orosz Ildikó
1275;Damian O'Hare;Gillette hadnagy;Kardos Róbert;115;A Karib-tenger kalózai - A Fekete Gyöngy átka;2003;0;Heltai Olga;Kosztola Tibor
1214;Daniel Brühl;Fredrick Zoller közlegény;Király Adrián;112;Becstelen brigantyk;2009;1;Fuchs Dániel;Földi Tamás
1109;Daniel Caltagirone;Majorek;Czvetkó Sándor;105;A zongorista;2002;1;Pallinger Emőke;Orosz Ildikó
1167;Daniel Davis;Bíró;Orosz István;108;A tökéletes trükk;2006;0;Szép Erzsébet;Rehorovszky Béla
1663;Daniel Kash;Spunkmeyer közlegény;Konrád Antal;134;A bolygó neve: Halál;1986;1;Schéry András;Várkonyi Gyula
1438;Daniel Logan;Boba Fett;Czető Roland;122;Csillagok háborúja II. - A klónok támadás;2002;0;Tóth Tamás;Csörögi István
1510;Daniel Radcliffe;Harry Potter;Gacsal Ádám;126;Harry Potter és az azkabani fogoly;2004;0;Tóth Tamás;Csörögi István
1459;Daniel Radcliffe;Harry Potter;Gacsal Ádám;124;Harry Potter és a Bölcsek Köve;2001;0;Tóth Tamás;Csörögi István
1476;Daniel Radcliffe;Harry Potter;Gacsal Ádám;125;Harry Potter és a Titkok Kamrája;2002;0;Tóth Tamás;Csörögi István
1029;Daniel Sunjata;Jones százados;Papp Dániel;102;A Gyűrűk Ura: A király visszatér;2003;0;Pataricza Eszter;Csörögi István
1135;Darlan Cunha;Filé;Morvay Gábor;106;Isten városa;2002;1;Abed Hadi Forát;Földi Tamás
1713;David Aston;Rhineheart;Németh Gábor;137;Mátrix;1999;1;Görgényi Tamás;Báthory Orsolya
1436;David Bowers;Mas Amedda;Konrád Antal;122;Csillagok háborúja II. - A klónok támadás;2002;0;Tóth Tamás;Csörögi István
1456;David Bowers;Mas Amedda;Konrád Antal;123;Csillagok háborúja III. - A Sith-ek bosszúja;2005;0;Tóth Tamás;Csörögi István
1165;David Bowie;Tesla;Sörös Sándor;108;A tökéletes trükk;2006;0;Szép Erzsébet;Rehorovszky Béla
1536;David Bradley;Argus Frics;Varga Tamás;126;Harry Potter és az azkabani fogoly;2004;0;Tóth Tamás;Csörögi István
1503;David Bradley;Argus Frics;Varga Tamás;125;Harry Potter és a Titkok Kamrája;2002;0;Tóth Tamás;Csörögi István
1311;David Gyasi;Romilly;Fekete Ernő Tibor;117;Csillagok között;2014;0;Tóth Tamás;Nikodém Zsigmond
1154;David Hemmings;Cassius;Hollósi Frigyes;107;Gladiátor;2000;1;Speier Dávid;Dóczi Orsolya
1184;David O'Hara;Fitzy;Zágoni Zsolt;109;A tégla;2006;1;Joó Eszter;Báthory Orsolya
1321;David Oyelowo;Igazgató;Király Attila;117;Csillagok között;2014;0;Tóth Tamás;Nikodém Zsigmond
1569;David Proval;Snooze;Szűcs Sándor;128;A remény rabjai;1994;1;Cser László;Szalay Éva
1149;David Schofield;Falco;Sinkovits-Vitay András;107;Gladiátor;2000;1;Speier Dávid;Dóczi Orsolya
1347;David Steen;Mr. Stonesipher;Nagypál Gábor;118;Django elszabadul;2012;1;Heltai Olga;Báthory Orsolya
1523;David Thewlis;Remus Lupin professzor;Cs. Németh Lajos;126;Harry Potter és az azkabani fogoly;2004;0;Tóth Tamás;Csörögi István
1065;David Weatherley;Papsajt Ászok;Szélyes Imre;103;A Gyűrűk Ura: A Gyűrű szövetsége;2001;0;Pataricza Eszter;Csörögi István
1081;David Wenham;Faramir;Rajkai Zoltán;104;A Gyűrűk Ura: A két torony;2002;0;Pataricza Eszter;Csörögi István
1544;Dawn French;Kövér Dáma a festményen;Náray Erika;126;Harry Potter és az azkabani fogoly;2004;0;Tóth Tamás;Csörögi István
1686;De'voreaux White;Argyle;Kassai Károly;136;Drágán add az életed;1988;1;Bari Judit;Mauchner József
1605;Denholm Elliott Denh;Dr. Marcus Brody;Makay Sándor;130;Az elveszett frigyláda fosztogatói;1981;0;Schéry András;Kosztola Tibor
1556;Denis Lawson;Wedge Antilles (Rogue Hármas);Dobránszky Zoltán;127;Csillagok háborúja V. - A Birodalom visszavág;1980;0;Schéry András;Dr. Márkus Éva
1222;Denis Menochet;Perrier LaPadite;Földi Tamás;112;Becstelen brigantyk;2009;1;Fuchs Dániel;Földi Tamás
1714;Denni Gordon;Papnő;Kocsis Mariann;137;Mátrix;1999;1;Görgényi Tamás;Báthory Orsolya
1331;Dennis Christopher;Leonide Moguy;Gyabronka József;118;Django elszabadul;2012;1;Heltai Olga;Báthory Orsolya
1147;Derek Jacobi;Gracchus;Fodor Tamás;107;Gladiátor;2000;1;Speier Dávid;Dóczi Orsolya
1215;Diane Kruger;Bridget von Hammersmark;Solecki Janka;112;Becstelen brigantyk;2009;1;Fuchs Dániel;Földi Tamás
1724;Dick Miller;Fegyverbolti eladó;Végh Ferenc;138;Terminátor - A halálosztó;1984;1;Szojka László;Kozma Attila
1295;Dileep Rao;Yusuf;Scherer Péter;116;Eredet;2010;1;Tóth Tamás;Tabák Kata
1148;Djimon Hounsou;Juba;Janovics Sándor;107;Gladiátor;2000;1;Speier Dávid;Dóczi Orsolya
1072;Dominic Monaghan;Trufa;Stohl András;104;A Gyűrűk Ura: A két torony;2002;0;Pataricza Eszter;Csörögi István
1051;Dominic Monaghan;Trufa;Stohl András;103;A Gyűrűk Ura: A Gyűrű szövetsége;2001;0;Pataricza Eszter;Csörögi István
1334;Don Johnson;Mr. Bennett;Gáspár Sándor;118;Django elszabadul;2012;1;Heltai Olga;Báthory Orsolya
1339;Don Stroud;Bill Sharp seriff;Dengyel Iván;118;Django elszabadul;2012;1;Heltai Olga;Báthory Orsolya
1639;Donald Fullilove;Goldie Wilson;Felföldi László;132;Vissza a jövőbe I.;1985;0;Sarodi Tibor;Kiss Beáta
1746;Dooley Wilson;Sam;Bessenyei Ferenc;140;Casablanca;1942;0;Nagy Vilma;Sipos Varga Éva
1123;Douglas Silva;Kis Kocka;Baradlay Viktor;106;Isten városa;2002;1;Abed Hadi Forát;Földi Tamás
1593;Duane Whitaker;Maynard;Szabó Sipos Barnabás;129;Ponyvaregény;1994;1;Schéry András;Juhász Anna
1721;Earl Boen;Dr. Peter Silberman;Pálfai Péter;138;Terminátor - A halálosztó;1984;1;Szojka László;Kozma Attila
1104;Ed Stoppard;Henryk;Rajkai Zoltán;105;A zongorista;2002;1;Pallinger Emőke;Orosz Ildikó
1130;Edson Oliveira;Gyapjas;Szalay Csongor;106;Isten városa;2002;1;Abed Hadi Forát;Földi Tamás
1622;Edward Chalmers, Jr.;Mr. Denherder;Láng József;131;A cápa I.;1975;1;Soproni Klára;Aprics László
1391;Edward Herrmann;Stratton Oakmont reklámhang (hangja);Vass Gábor;120;A Wall Street farkasa;2013;1;Szabadfalvi András;Dóczi Orsolya
1172;Edward Hibbert;Ackerman;Nagy Gábor;108;A tökéletes trükk;2006;0;Szép Erzsébet;Rehorovszky Béla
1219;Eli Roth;Donny Donowitz őrmester, a Medve Zsidó;Papp Dániel;112;Becstelen brigantyk;2009;1;Fuchs Dániel;Földi Tamás
1728;Eli Wallach;Tuco;Gera Zoltán;139;Il buono, il brutto, il cattivo;1966;1;Résch Éva;Vas János
1047;Elijah Wood;Frodó;Csőre Gábor;103;A Gyűrűk Ura: A Gyűrű szövetsége;2001;0;Pataricza Eszter;Csörögi István
1068;Elijah Wood;Frodó;Csőre Gábor;104;A Gyűrűk Ura: A két torony;2002;0;Pataricza Eszter;Csörögi István
1308;Ellen Burstyn;Murph idősen;Felföldi Anikó;117;Csillagok között;2014;0;Tóth Tamás;Nikodém Zsigmond
1292;Ellen Page;Ariadne;Bogdányi Titanilla;116;Eredet;2010;1;Tóth Tamás;Tabák Kata
1323;Elyes Gabel;Adminisztrátor;Széll Attila;117;Csillagok között;2014;0;Tóth Tamás;Nikodém Zsigmond
1129;Emerson Gomes;Kis Gyapjas;Morvay Bence;106;Isten városa;2002;1;Abed Hadi Forát;Földi Tamás
1103;Emilia Fox;Dorota;Ullmann Mónika;105;A zongorista;2002;1;Pallinger Emőke;Orosz Ildikó
1247;Emma Lockhart;Rachel Dawes 8 évesen;Talmács Márta;113;Batman: Kezdődik!;2005;0;Joó Eszter;Báthory Orsolya
1524;Emma Thompson;Sybil Trelawney professzor;Kovács Nóra;126;Harry Potter és az azkabani fogoly;2004;0;Tóth Tamás;Csörögi István
1478;Emma Watson;Hermione Granger;Szabó Luca;125;Harry Potter és a Titkok Kamrája;2002;0;Tóth Tamás;Csörögi István
1512;Emma Watson;Hermione Granger;Szabó Luca;126;Harry Potter és az azkabani fogoly;2004;0;Tóth Tamás;Csörögi István
1461;Emma Watson;Hermione Granger;Szabó Luca;124;Harry Potter és a Bölcsek Köve;2001;0;Tóth Tamás;Csörögi István
1731;Enzo Petito;Fegyverkereskedő;Képessy József;139;Il buono, il brutto, il cattivo;1966;1;Résch Éva;Vas János
1012;Eric Roberts;Salvatore Maroni;Kőszegi Ákos;101;Batman: A sötét lovag;2008;1;Tóth Tamás;Tabák Kata
1579;Eric Stoltz;Lance;Viczián Ottó;129;Ponyvaregény;1994;1;Schéry András;Juhász Anna
1380;Ethan Suplee;Toby Welch;Bolla Róbert;120;A Wall Street farkasa;2013;1;Szabadfalvi András;Dóczi Orsolya
1440;Ewan McGregor;Obi-Wan Kenobi;Anger Zsolt;123;Csillagok háborúja III. - A Sith-ek bosszúja;2005;0;Tóth Tamás;Csörögi István
1417;Ewan McGregor;Obi-Wan Kenobi;Anger Zsolt;122;Csillagok háborúja II. - A klónok támadás;2002;0;Tóth Tamás;Csörögi István
1392;Ewan McGregor;Obi-Wan Kenobi;Anger Zsolt;121;Csillagok háborúja I. - Baljós árnyak;1999;0;Tóth Tamás;Csörögi István
1496;Fiona Shaw;Petunia Dursley néni;Simon Eszter;125;Harry Potter és a Titkok Kamrája;2002;0;Tóth Tamás;Csörögi István
1529;Fiona Shaw;Petunia Dursley néni;Simon Eszter;126;Harry Potter és az azkabani fogoly;2004;0;Tóth Tamás;Csörögi István
1633;Frances Lee McCain;Stella Baines;Mányai Zsuzsa;132;Vissza a jövőbe I.;1985;0;Sarodi Tibor;Kiss Beáta
1335;Franco Nero;Amerigo Vessepi;Szacsvay László;118;Django elszabadul;2012;1;Heltai Olga;Báthory Orsolya
1361;François Bureloup;Ápolójelölt;Anger Zsolt;119;Életrevalók;2011;0;Molnár Anna;Dóczi Orsolya
1349;François Cluzet;Philippe;Dunai Tamás;119;Életrevalók;2011;0;Molnár Anna;Dóczi Orsolya
1101;Frank Finlay;Apa;Tolnai Miklós;105;A zongorista;2002;1;Pallinger Emőke;Orosz Ildikó
1396;Frank Oz;Yoda (hangja);Versényi László;121;Csillagok háborúja I. - Baljós árnyak;1999;0;Tóth Tamás;Csörögi István
1444;Frank Oz;Yoda (hangja);Versényi László;123;Csillagok háborúja III. - A Sith-ek bosszúja;2005;0;Tóth Tamás;Csörögi István
1420;Frank Oz;Yoda (hangja);Versényi László;122;Csillagok háborúja II. - A klónok támadás;2002;0;Tóth Tamás;Csörögi István
1552;Frank Oz;Yoda (hangja);Tyll Attila;127;Csillagok háborúja V. - A Birodalom visszavág;1980;0;Schéry András;Dr. Márkus Éva
1758;Frank Puglia;Arab árus;Zenthe Ferenc;140;Casablanca;1942;0;Nagy Vilma;Sipos Varga Éva
1592;Frank Whaley;Brett;Stohl András;129;Ponyvaregény;1994;1;Schéry András;Juhász Anna
1624;Fritzi Jane Courtney;Mrs. Taft;Kassai Ilona;131;A cápa I.;1975;1;Soproni Klára;Aprics László
1232;Gary Oldman;Jim Gordon;Kaszás Attila;113;Batman: Kezdődik!;2005;0;Joó Eszter;Báthory Orsolya
1006;Gary Oldman;James Gordon;Epres Attila;101;Batman: A sötét lovag;2008;1;Tóth Tamás;Tabák Kata
1018;Gary Oldman;James Gordon;Epres Attila;102;A Gyűrűk Ura: A király visszatér;2003;0;Pataricza Eszter;Csörögi István
1520;Gary Oldman;Sirius Black;Széles Tamás;126;Harry Potter és az azkabani fogoly;2004;0;Tóth Tamás;Csörögi István
1218;Gedeon Burkhard;Wilhelm Wicki tizedes;Viczián Ottó;112;Becstelen brigantyk;2009;1;Fuchs Dániel;Földi Tamás
1487;Gemma Jones;Madame Pomfrey;Tímár Éva;125;Harry Potter és a Titkok Kamrája;2002;0;Tóth Tamás;Csörögi István
1537;Genevieve Gaunt;Pansy Parkinson;Garai Dóra;126;Harry Potter és az azkabani fogoly;2004;0;Tóth Tamás;Csörögi István
1270;Geoffrey Rush;Barbossa kapitány;Rajhona Ádám;115;A Karib-tenger kalózai - A Fekete Gyöngy átka;2003;0;Heltai Olga;Kosztola Tibor
1642;George 'Buck' Flower;Red Thomas;Kristóf Tibor;132;Vissza a jövőbe I.;1985;0;Sarodi Tibor;Kiss Beáta
1632;George DiCenzo;Sam Baines;Máté Gábor;132;Vissza a jövőbe I.;1985;0;Sarodi Tibor;Kiss Beáta
1675;Gerald R. Molen;Gerry Harding;Uri István;135;Jurassic Park;1993;0;Lajos Géza;Lengyel László
1517;Geraldine Somerville;Mrs. Lily Potter;F. Nagy Erika;126;Harry Potter és az azkabani fogoly;2004;0;Tóth Tamás;Csörögi István
1241;Gerard Murphy Ge;Faden bíró;Kardos Gábor;113;Batman: Kezdődik!;2005;0;Joó Eszter;Báthory Orsolya
1562;Gil Bellows;Tommy;Bor Zoltán;128;A remény rabjai;1994;1;Cser László;Szalay Éva
1285;Giles New;Murtogg;Sinkovits-Vitay András;115;A Karib-tenger kalózai - A Fekete Gyöngy átka;2003;0;Heltai Olga;Kosztola Tibor
1702;Gloria Foster;Orákulum;Szabó Éva;137;Mátrix;1999;1;Görgényi Tamás;Báthory Orsolya
1694;Grand L. Bush;Johnson FBI-ügynök;Kalocsay Miklós;136;Drágán add az életed;1988;1;Bari Judit;Mauchner József
1139;Graziela Moretto;Marina Cintra;Kiss Virág;106;Isten városa;2002;1;Abed Hadi Forát;Földi Tamás
1678;Greg Burson;Mr. DNS (hangja);Kerekes József;135;Jurassic Park;1993;0;Lajos Géza;Lengyel László
1284;Greg Ellis;Groves hadnagy;Pálfai Péter;115;A Karib-tenger kalózai - A Fekete Gyöngy átka;2003;0;Heltai Olga;Kosztola Tibor
1416;Greg Proops;Beed (hangja);Orosz István;121;Csillagok háborúja I. - Baljós árnyak;1999;0;Tóth Tamás;Csörögi István
1355;Grégoire Oestermann;Antoine;Fazekas István;119;Életrevalók;2011;0;Molnár Anna;Dóczi Orsolya
1753;Gregory Gaye;Német bankár, akit Rick nem enged be a kaszinóba;Kéry Gyula;140;Casablanca;1942;0;Nagy Vilma;Sipos Varga Éva
1244;Gus Lewis;Bruce Wayne 8 évesen;Morvay Gábor;113;Batman: Kezdődik!;2005;0;Joó Eszter;Báthory Orsolya
1134;Gustavo Engracia;Rogerio Reis;Rába Roland;106;Isten városa;2002;1;Abed Hadi Forát;Földi Tamás
1188;Guy Pearce;Leonard;Széles Tamás;110;Memento;2000;1;Abed Hadi Forát;Nikodém Zsigmond
1287;Guy Siner;Kikötőmester;Vizy György;115;A Karib-tenger kalózai - A Fekete Gyöngy átka;2003;0;Heltai Olga;Kosztola Tibor
1760;Hans Heinrich von Twardowski;Német tiszt Yvonne-nal;Láng József;140;Casablanca;1942;0;Nagy Vilma;Sipos Varga Éva
1206;Hans-Uwe Bauer;Paul Hauser;Halmágyi Sándor;111;A mások élete;2006;1;Simon Nóra;Kosztola Tibor
1193;Harriet Sansom Harris;Mrs. Jankis;Zsurzs Kati;110;Memento;2000;1;Abed Hadi Forát;Nikodém Zsigmond
1546;Harrison Ford;Han Solo;Téri Sándor;127;Csillagok háborúja V. - A Birodalom visszavág;1980;0;Schéry András;Dr. Márkus Éva
1600;Harrison Ford;Indiana Jones;Csernák János;130;Az elveszett frigyláda fosztogatói;1981;0;Schéry András;Kosztola Tibor
1646;Harry Dean Stanton;Brett;Beregi Péter;133;A nyolcadik utas: a Halál;1979;1;Gonda Miklós;Tomasevics Zorka
1531;Harry Melling;Dudley Dursley;Baráth István;126;Harry Potter és az azkabani fogoly;2004;0;Tóth Tamás;Csörögi István
1498;Harry Melling;Dudley Dursley;Baráth István;125;Harry Potter és a Titkok Kamrája;2002;0;Tóth Tamás;Csörögi István
1491;Harry Taylor;Állomásmester;Kardos Gábor;125;Harry Potter és a Titkok Kamrája;2002;0;Tóth Tamás;Csörögi István
1474;Harry Taylor;Állomásmester;Kardos Gábor;124;Harry Potter és a Bölcsek Köve;2001;0;Tóth Tamás;Csörögi István
1638;Harry Waters, Jr.;Marvin Berry;Vass Gábor;132;Vissza a jövőbe I.;1985;0;Sarodi Tibor;Kiss Beáta
1687;Hart Bochner;Harry Ellis;Beregi Péter;136;Drágán add az életed;1988;1;Bari Judit;Mauchner József
1574;Harvey Keitel;Winston Wolfe;Balázsi Gyula;129;Ponyvaregény;1994;1;Schéry András;Juhász Anna
1419;Hayden Christensen;Anakin Skywalker;Moser Károly;122;Csillagok háborúja II. - A klónok támadás;2002;0;Tóth Tamás;Csörögi István
1442;Hayden Christensen;Anakin Skywalker;Moser Károly;123;Csillagok háborúja III. - A Sith-ek bosszúja;2005;0;Tóth Tamás;Csörögi István
1002;Heath Ledger;Joker;Stohl András;101;Batman: A sötét lovag;2008;1;Tóth Tamás;Tabák Kata
1650;Helen Horton;Anya (hangja);Debrenti Piroska;133;A nyolcadik utas: a Halál;1979;1;Gonda Miklós;Tomasevics Zorka
1752;Helmut Dantine;Jan Brandel;Fülöp Zsigmond;140;Casablanca;1942;0;Nagy Vilma;Sipos Varga Éva
1379;Henry Zebrowski;Alden Kupferberg;Gyabronka József;120;A Wall Street farkasa;2013;1;Szabadfalvi András;Dóczi Orsolya
1210;Herbert Knaup;Gregor Hessenstein;Juhász György;111;A mások élete;2006;1;Simon Nóra;Kosztola Tibor
1159;Hugh Jackman;Robert Angier;Szabó Sipos Barnabás;108;A tökéletes trükk;2006;0;Szép Erzsébet;Rehorovszky Béla
1406;Hugh Quarshie;Panaka kapitány;Földi Tamás;121;Csillagok háborúja I. - Baljós árnyak;1999;0;Tóth Tamás;Csörögi István
1058;Hugo Weaving;Elrond;Rosta Sándor;103;A Gyűrűk Ura: A Gyűrű szövetsége;2001;0;Pataricza Eszter;Csörögi István
1701;Hugo Weaving;Smith ügynök;Rátóti Zoltán;137;Mátrix;1999;1;Görgényi Tamás;Báthory Orsolya
1084;Hugo Weaving;Elrond;Rosta Sándor;104;A Gyűrűk Ura: A két torony;2002;0;Pataricza Eszter;Csörögi István
1738;Humphrey Bogart;Rick Blaine;Kálmán György;140;Casablanca;1942;0;Nagy Vilma;Sipos Varga Éva
1360;Ian Fenelon;Ápolójelölt;Kapácsy Miklós;119;Életrevalók;2011;0;Molnár Anna;Dóczi Orsolya
1471;Ian Hart;Quirinus Mógus professzor;Lippai László;124;Harry Potter és a Bölcsek Köve;2001;0;Tóth Tamás;Csörögi István
1057;Ian Holm;Bilbó;Makay Sándor;103;A Gyűrűk Ura: A Gyűrű szövetsége;2001;0;Pataricza Eszter;Csörögi István
1648;Ian Holm;Ash;Fodor Tamás;133;A nyolcadik utas: a Halál;1979;1;Gonda Miklós;Tomasevics Zorka
1446;Ian McDiarmid;Palpatine főkancellár (Darth Sidious);Gruber Hugó;123;Csillagok háborúja III. - A Sith-ek bosszúja;2005;0;Tóth Tamás;Csörögi István
1422;Ian McDiarmid;Palpatine főkancellár (Darth Sidious);Gruber Hugó;122;Csillagok háborúja II. - A klónok támadás;2002;0;Tóth Tamás;Csörögi István
1399;Ian McDiarmid;Darth Sidious;Melis Gábor;121;Csillagok háborúja I. - Baljós árnyak;1999;0;Tóth Tamás;Csörögi István
1398;Ian McDiarmid;Palpatine szenátor;Gruber Hugó;121;Csillagok háborúja I. - Baljós árnyak;1999;0;Tóth Tamás;Csörögi István
1048;Ian McKellen;Gandalf;Bács Ferenc;103;A Gyűrűk Ura: A Gyűrű szövetsége;2001;0;Pataricza Eszter;Csörögi István
1069;Ian McKellen;Gandalf;Bács Ferenc;104;A Gyűrűk Ura: A két torony;2002;0;Pataricza Eszter;Csörögi István
1754;Ilka Grüning;Mrs. Leuchtag, Carl emigráns ismerőse;Kelemen Éva;140;Casablanca;1942;0;Nagy Vilma;Sipos Varga Éva
1739;Ingrid Bergman;Ilsa Lund;Váradi Hédi;140;Casablanca;1942;0;Nagy Vilma;Sipos Varga Éva
1280;Isaac C. Singleton, Jr.;Bo`sun;Schneider Zoltán;115;A Karib-tenger kalózai - A Fekete Gyöngy átka;2003;0;Heltai Olga;Kosztola Tibor
1387;J.C. MacKenzie;Lucas Solomon;Csuha Lajos;120;A Wall Street farkasa;2013;1;Szabadfalvi András;Dóczi Orsolya
1636;J.J. Cohen;Skinhead;Laklóth Aladár;132;Vissza a jövőbe I.;1985;0;Sarodi Tibor;Kiss Beáta
1273;Jack Davenport;James Norrington;Sebestyén András;115;A Karib-tenger kalózai - A Fekete Gyöngy átka;2003;0;Heltai Olga;Kosztola Tibor
1255;Jack Gleeson;Kisfiú az erkélyen;Czető Ádám;113;Batman: Kezdődik!;2005;0;Joó Eszter;Báthory Orsolya
1175;Jack Nicholson;Costello;Reviczky Gábor;109;A tégla;2006;1;Joó Eszter;Báthory Orsolya
1431;Jack Thompson;Cliegg Lars;Szélyes Imre;122;Csillagok háborúja II. - A klónok támadás;2002;0;Tóth Tamás;Csörögi István
1381;Jake Hoffman;Steve Madden;Szatmári Attila;120;A Wall Street farkasa;2013;1;Szabadfalvi András;Dóczi Orsolya
1394;Jake Lloyd;Anakin Skywalker;Kováts Dániel;121;Csillagok háborúja I. - Baljós árnyak;1999;0;Tóth Tamás;Csörögi István
1183;James Badge Dale;Barrigan;Szatmári Attila;109;A tégla;2006;1;Joó Eszter;Báthory Orsolya
1550;James Earl Jones;Darth Vader (hangja);Nagy Attila;127;Csillagok háborúja V. - A Birodalom visszavág;1980;0;Schéry András;Dr. Márkus Éva
1443;James Earl Jones;Darth Vader (hangja);Kránitz Lajos;123;Csillagok háborúja III. - A Sith-ek bosszúja;2005;0;Tóth Tamás;Csörögi István
1533;James Phelps;Fred Weasley;Kováts Dániel;126;Harry Potter és az azkabani fogoly;2004;0;Tóth Tamás;Csörögi István
1500;James Phelps;Fred Weasley;Kováts Dániel;125;Harry Potter és a Titkok Kamrája;2002;0;Tóth Tamás;Csörögi István
1332;James Remar;Butch Pooch;Kőszegi Ákos;118;Django elszabadul;2012;1;Heltai Olga;Báthory Orsolya
1337;James Remar;Ace Speck;Kőszegi Ákos;118;Django elszabadul;2012;1;Heltai Olga;Báthory Orsolya
1336;James Russo;Dicky Speck;Papp János;118;Django elszabadul;2012;1;Heltai Olga;Báthory Orsolya
1692;James Shigeta;Joseph Yoshinobu Takagi;Perlaki István;136;Drágán add az életed;1988;1;Bari Judit;Mauchner József
1631;James Tolkan;Mr. Strickland;Perlaki István;132;Vissza a jövőbe I.;1985;0;Sarodi Tibor;Kiss Beáta
1564;James Whitmore;Brooks Hatlen;Gruber Hugó;128;A remény rabjai;1994;1;Cser László;Szalay Éva
1325;Jamie Foxx;Django;Kálid Artúr;118;Django elszabadul;2012;1;Heltai Olga;Báthory Orsolya
1540;Jamie Waylett;Vincent Crak;Előd Botond;126;Harry Potter és az azkabani fogoly;2004;0;Tóth Tamás;Csörögi István
1507;Jamie Waylett;Vincent Crak;Előd Botond;125;Harry Potter és a Titkok Kamrája;2002;0;Tóth Tamás;Csörögi István
1494;Jason Isaacs;Lucius Malfoy;Szakácsi Sándor;125;Harry Potter és a Titkok Kamrája;2002;0;Tóth Tamás;Csörögi István
1453;Jay Laga'aia;Typho kapitány;Szabó Sipos Barnabás;123;Csillagok háborúja III. - A Sith-ek bosszúja;2005;0;Tóth Tamás;Csörögi István
1430;Jay Laga'aia;Typho kapitány;Szabó Sipos Barnabás;122;Csillagok háborúja II. - A klónok támadás;2002;0;Tóth Tamás;Csörögi István
1371;Jean Dujardin;Jean-Jacques Saurel;Jakab Csaba;120;A Wall Street farkasa;2013;1;Szabadfalvi András;Dóczi Orsolya
1359;Jean François Cayrey;Ápolójelölt;Czvetkó Sándor;119;Életrevalók;2011;0;Molnár Anna;Dóczi Orsolya
1098;Jed Brophy;Sharku;Papucsek Vilmos;104;A Gyűrűk Ura: A két torony;2002;0;Pataricza Eszter;Csörögi István
1097;Jed Brophy;Snaga;Katona Zoltán;104;A Gyűrűk Ura: A két torony;2002;0;Pataricza Eszter;Csörögi István
1127;Jefechander Suplino;Nyírógép;Előd Botond;106;Isten városa;2002;1;Abed Hadi Forát;Földi Tamás
1666;Jeff Goldblum;Dr. Ian Malcolm;Szabó Sipos Barnabás;135;Jurassic Park;1993;0;Lajos Géza;Lengyel László
1319;Jeff Hephner;Doktor;Szatmári Attila;117;Csillagok között;2014;0;Tóth Tamás;Nikodém Zsigmond
1565;Jeffrey DeMunn;Kerületi ügyész, 1946;Kardos Gábor;128;A remény rabjai;1994;1;Cser László;Szalay Éva
1615;Jeffrey Kramer;Leonard `Lenny` Hendricks rendőrfőnökhelyettes;Malcsiner Péter;131;A cápa I.;1975;1;Soproni Klára;Aprics László
1619;Jeffrey Voorhees;Alex M. Kintner;Simonyi Balázs;131;A cápa I.;1975;1;Soproni Klára;Aprics László
1658;Jenette Goldstein;Vasquez közlegény;Andai Györgyi;134;A bolygó neve: Halál;1986;1;Schéry András;Várkonyi Gyula
1412;Jerome Blake;Mas Amedda;Konrád Antal;121;Csillagok háborúja I. - Baljós árnyak;1999;0;Tóth Tamás;Csörögi István
1596;Jerome Patrick Hoban;Ed Sullivan;Háda János;129;Ponyvaregény;1994;1;Schéry András;Juhász Anna
1306;Jessica Chastain;Murph;Zsigmond Tamara;117;Csillagok között;2014;0;Tóth Tamás;Nikodém Zsigmond
1106;Jessica Kate Meyer;Halina;Szinetár Dóra;105;A zongorista;2002;1;Pallinger Emőke;Orosz Ildikó
1736;Jesús Guzmán;Pardue, a hoteltulajdonos;Koroknay Géza;139;Il buono, il brutto, il cattivo;1966;1;Résch Éva;Vas János
1542;Jim Tavaré;Tom, a kocsmáros;Kajtár Róbert;126;Harry Potter és az azkabani fogoly;2004;0;Tóth Tamás;Csörögi István
1449;Jimmy Smits;Bail Organa szenátor;Sörös Sándor;123;Csillagok háborúja III. - A Sith-ek bosszúja;2005;0;Tóth Tamás;Csörögi István
1425;Jimmy Smits;Bail Organa szenátor;Sörös Sándor;122;Csillagok háborúja II. - A klónok támadás;2002;0;Tóth Tamás;Csörögi István
1372;Joanna Lumley;Emma néni;Andai Györgyi;120;A Wall Street farkasa;2013;1;Szabadfalvi András;Dóczi Orsolya
1143;Joaquin Phoenix;Commodus;Rátóti Zoltán;107;Gladiátor;2000;1;Speier Dávid;Dóczi Orsolya
1190;Joe Pantoliano;Teddy;Szombathy Gyula;110;Memento;2000;1;Abed Hadi Forát;Nikodém Zsigmond
1703;Joe Pantoliano;Cypher;Epres Attila;137;Mátrix;1999;1;Görgényi Tamás;Báthory Orsolya
1432;Joel Edgerton;Owen Lars;Szűcs Sándor;122;Csillagok háborúja II. - A klónok támadás;2002;0;Tóth Tamás;Csörögi István
1090;John Bach;Madril;Trokán Péter;104;A Gyűrűk Ura: A két torony;2002;0;Pataricza Eszter;Csörögi István
1732;John Bartha;Seriff;Antal László;139;Il buono, il brutto, il cattivo;1966;1;Résch Éva;Vas János
1468;John Cleese;Félig Fej Nélküli Nick;Galkó Balázs;124;Harry Potter és a Bölcsek Köve;2001;0;Tóth Tamás;Csörögi István
1485;John Cleese;Félig Fej Nélküli Nick;Galkó Balázs;125;Harry Potter és a Titkok Kamrája;2002;0;Tóth Tamás;Csörögi István
1647;John Hurt;Kane;Laklóth Aladár;133;A nyolcadik utas: a Halál;1979;1;Gonda Miklós;Tomasevics Zorka
1467;John Hurt;Mr. Ollivander;Gruber Hugó;124;Harry Potter és a Bölcsek Köve;2001;0;Tóth Tamás;Csörögi István
1345;John Jarratt;Floyd, rabszolgaszállító;Cs. Németh Lajos;118;Django elszabadul;2012;1;Heltai Olga;Báthory Orsolya
1088;John Leigh;Háma;Csík Csaba Krisztián;104;A Gyűrűk Ura: A két torony;2002;0;Pataricza Eszter;Csörögi István
1317;John Lithgow;Donald;Konrád Antal;117;Csillagok között;2014;0;Tóth Tamás;Nikodém Zsigmond
1248;John Nolan;George Fredericks;Uri István;113;Batman: Kezdődik!;2005;0;Joó Eszter;Báthory Orsolya
1747;John Qualen;Berger;Perlaki István;140;Casablanca;1942;0;Nagy Vilma;Sipos Varga Éva
1158;John Quinn;Valerius;Juhász György;107;Gladiátor;2000;1;Speier Dávid;Dóczi Orsolya
1053;John Rhys-Davies;Gimli;Rajhona Ádám;103;A Gyűrűk Ura: A Gyűrű szövetsége;2001;0;Pataricza Eszter;Csörögi István
1604;John Rhys-Davies;Sallah;Gesztesi Károly;130;Az elveszett frigyláda fosztogatói;1981;0;Schéry András;Kosztola Tibor
1074;John Rhys-Davies;Gimli;Rajhona Ádám;104;A Gyűrűk Ura: A két torony;2002;0;Pataricza Eszter;Csörögi István
1083;John Rhys-Davies;Szilszakáll (hangja);Tolnai Miklós;104;A Gyűrűk Ura: A két torony;2002;0;Pataricza Eszter;Csörögi István
1150;John Shrapnel;Gaius;Barbinek Péter;107;Gladiátor;2000;1;Speier Dávid;Dóczi Orsolya
1571;John Travolta;Vincent Vega;Széles László;129;Ponyvaregény;1994;1;Schéry András;Juhász Anna
1302;Johnathan Geare;James 3 évesen;Straub Norbert;116;Eredet;2010;1;Tóth Tamás;Tabák Kata
1269;Johnny Depp;Jack Sparrow kapitány;Király Attila;115;A Karib-tenger kalózai - A Fekete Gyöngy átka;2003;0;Heltai Olga;Kosztola Tibor
1369;Jon Bernthal;Brad;Király Attila;120;A Wall Street farkasa;2013;1;Szabadfalvi András;Dóczi Orsolya
1370;Jon Favreau;Manny Riskin;Péter Richárd;120;A Wall Street farkasa;2013;1;Szabadfalvi András;Dóczi Orsolya
1384;Jon Spinogatti;Nicholas;Sipos Imre;120;A Wall Street farkasa;2013;1;Szabadfalvi András;Dóczi Orsolya
1364;Jonah Hill;Donnie Azoff;Elek Ferenc;120;A Wall Street farkasa;2013;1;Szabadfalvi András;Dóczi Orsolya
1617;Jonathan Filley;Tom Cassidy;Nyári Zoltán;131;A cápa I.;1975;1;Soproni Klára;Aprics László
1124;Jonathan Haagensen;Borzas;Kékesi Gábor;106;Isten városa;2002;1;Abed Hadi Forát;Földi Tamás
1274;Jonathan Pryce;Weatherby Swann kormányzó;Harsányi Gábor;115;A Karib-tenger kalózai - A Fekete Gyöngy átka;2003;0;Heltai Olga;Kosztola Tibor
1196;Jorja Fox;Leonard felesége;Szabó Gertrúd;110;Memento;2000;1;Abed Hadi Forát;Nikodém Zsigmond
1020;Joseph Gordon-Levitt;Blake;Csőre Gábor;102;A Gyűrűk Ura: A király visszatér;2003;0;Pataricza Eszter;Csörögi István
1293;Joseph Gordon-Levitt;Arthur;Hujber Ferenc;116;Eredet;2010;1;Tóth Tamás;Tabák Kata
1670;Joseph Mazzello;Tim Murphy;Szőke András;135;Jurassic Park;1993;0;Lajos Géza;Lengyel László
1570;Joseph Ragno;Ernie;Salinger Gábor;128;A remény rabjai;1994;1;Cser László;Szalay Éva
1541;Josh Herdman;Gregory Monstro;Bíró Attila;126;Harry Potter és az azkabani fogoly;2004;0;Tóth Tamás;Csörögi István
1508;Josh Herdman;Gregory Monstro;Bíró Attila;125;Harry Potter és a Titkok Kamrája;2002;0;Tóth Tamás;Csörögi István
1038;Josh Stewart;Barsad;Dolmány Attila;102;A Gyűrűk Ura: A király visszatér;2003;0;Pataricza Eszter;Csörögi István
1310;Josh Stewart;CASE (hangja);Welker Gábor;117;Csillagok között;2014;0;Tóth Tamás;Nikodém Zsigmond
1105;Julia Rayner;Regina;Zakariás Éva;105;A zongorista;2002;1;Pallinger Emőke;Orosz Ildikó
1590;Julia Sweeney;Raquel;Náray Erika;129;Ponyvaregény;1994;1;Schéry András;Juhász Anna
1708;Julian Arahanga;Apoc;Hannus Zoltán;137;Mátrix;1999;1;Görgényi Tamás;Báthory Orsolya
1486;Julian Glover;Aragog (hangja);Papp János;125;Harry Potter és a Titkok Kamrája;2002;0;Tóth Tamás;Csörögi István
1522;Julie Christie;Madame Rosmerta;Borbás Gabi;126;Harry Potter és az azkabani fogoly;2004;0;Tóth Tamás;Csörögi István
1483;Julie Walters;Mrs. Molly Weasley;Andresz Kati;125;Harry Potter és a Titkok Kamrája;2002;0;Tóth Tamás;Csörögi István
1518;Julie Walters;Mrs. Molly Weasley;Andresz Kati;126;Harry Potter és az azkabani fogoly;2004;0;Tóth Tamás;Csörögi István
1466;Julie Walters;Mrs. Molly Weasley;Andresz Kati;124;Harry Potter és a Bölcsek Köve;2001;0;Tóth Tamás;Csörögi István
1034;Juno Temple;Jen;Gulás Fanni;102;A Gyűrűk Ura: A király visszatér;2003;0;Pataricza Eszter;Csörögi István
1601;Karen Allen;Marion Ravenwood;Vándor Éva;130;Az elveszett frigyláda fosztogatói;1981;0;Schéry András;Kosztola Tibor
1141;Karina Falcão;Tökmag felesége;Solecki Janka;106;Isten városa;2002;1;Abed Hadi Forát;Földi Tamás
1080;Karl Urban;Éomer;Viczián Ottó;104;A Gyűrűk Ura: A két torony;2002;0;Pataricza Eszter;Csörögi István
1375;Katarina Cas;Chantalle;Bánfalvi Eszter;120;A Wall Street farkasa;2013;1;Szabadfalvi András;Dóczi Orsolya
1598;Kathy Griffin;Nő a balesetnél;Koffler Gizi;129;Ponyvaregény;1994;1;Schéry András;Juhász Anna
1231;Katie Holmes;Rachel Dawes;Zsigmond Tamara;113;Batman: Kezdődik!;2005;0;Joó Eszter;Báthory Orsolya
1698;Keanu Reeves;Neo;László Zsolt;137;Mátrix;1999;1;Görgényi Tamás;Báthory Orsolya
1272;Keira Knightley;Elizabeth Swann;Szinetár Dóra;115;A Karib-tenger kalózai - A Fekete Gyöngy átka;2003;0;Heltai Olga;Kosztola Tibor
1015;Keith Szarabajka;Stephens nyomozó;Besenczi Árpád;101;Batman: A sötét lovag;2008;1;Tóth Tamás;Tabák Kata
1236;Ken Watanabe;Ra`s Al Ghul;Csankó Zoltán;113;Batman: Kezdődik!;2005;0;Joó Eszter;Báthory Orsolya
1290;Ken Watanabe;Saito;Kőszegi Ákos;116;Eredet;2010;1;Tóth Tamás;Tabák Kata
1488;Kenneth Branagh;Gilderoy Lockhart professzor;Csankó Zoltán;125;Harry Potter és a Titkok Kamrája;2002;0;Tóth Tamás;Csörögi István
1377;Kenneth Choi;Chester Ming;Törköly Levente;120;A Wall Street farkasa;2013;1;Szabadfalvi András;Dóczi Orsolya
1555;Kenneth Colley;Piett admirális;Perlaki István;127;Csillagok háborúja V. - A Birodalom visszavág;1980;0;Schéry András;Dr. Márkus Éva
1328;Kerry Washington;Broomhilda von Shaft;Bánfalvi Eszter;118;Django elszabadul;2012;1;Heltai Olga;Báthory Orsolya
1182;Kevin Corrigan;Sean, Billy unokatestvére;Kardos Róbert;109;A tégla;2006;1;Joó Eszter;Báthory Orsolya
1276;Kevin McNally;Joshamee Gibbs;Faragó András;115;A Karib-tenger kalózai - A Fekete Gyöngy átka;2003;0;Heltai Olga;Kosztola Tibor
1197;Kimberly Campbell;Szőke kurva;Pap Kati;110;Memento;2000;1;Abed Hadi Forát;Nikodém Zsigmond
1186;Kristen Dalton;Gwen;Nyakó Juli;109;A tégla;2006;1;Joó Eszter;Báthory Orsolya
1112;Krzysztof Pieczynski;Gebczynski;Forgács Péter;105;A zongorista;2002;1;Pallinger Emőke;Orosz Ildikó
1367;Kyle Chandler;Patrick Denham ügynök;Kőszegi Ákos;120;A Wall Street farkasa;2013;1;Szabadfalvi András;Dóczi Orsolya
1720;Lance Henriksen;Hal Vukovich nyomozó;Németh Gábor;138;Terminátor - A halálosztó;1984;1;Szojka László;Kozma Attila
1654;Lance Henriksen;Bishop;Tolnai Miklós;134;A bolygó neve: Halál;1986;1;Schéry András;Várkonyi Gyula
1566;Larry Brandenburg;Szúnyog;Bácskai János;128;A remény rabjai;1994;1;Cser László;Szalay Éva
1195;Larry Holden;Jimmy;Karácsonyi Zoltán;110;Memento;2000;1;Abed Hadi Forát;Nikodém Zsigmond
1240;Larry Holden;Finch;Sztarenki Pál;113;Batman: Kezdődik!;2005;0;Joó Eszter;Báthory Orsolya
1333;Laura Cayouette;Lara Lee Candie-Fitzwilly;Bertalan Ágnes;118;Django elszabadul;2012;1;Heltai Olga;Báthory Orsolya
1665;Laura Dern;Dr. Ellie Sattler;Vándor Éva;135;Jurassic Park;1993;0;Lajos Géza;Lengyel László
1700;Laurence Fishburne;Morpheus;Gáti Oszkár;137;Mátrix;1999;1;Görgényi Tamás;Báthory Orsolya
1067;Lawrence Makoare;Lurtz;Bolla Róbert;103;A Gyűrűk Ura: A Gyűrű szövetsége;2001;0;Pataricza Eszter;Csörögi István
1627;Lea Thompson;Lorraine Baines McFly;Götz Anna;132;Vissza a jövőbe I.;1985;0;Sarodi Tibor;Kiss Beáta
1318;Leah Cairns;Lois;Pálmai Anna;117;Csillagok között;2014;0;Tóth Tamás;Nikodém Zsigmond
1138;Leandra Miranda;Lúcia Maracanã;Keönch Anna;106;Isten városa;2002;1;Abed Hadi Forát;Földi Tamás
1121;Leandro Firmino;Kis Zé;Hamvas Dániel;106;Isten városa;2002;1;Abed Hadi Forát;Földi Tamás
1116;Lech Mackiewicz;Munkástárs;Fazekas István;105;A zongorista;2002;1;Pallinger Emőke;Orosz Ildikó
1277;Lee Arenberg;Pintel;Keresztes Sándor;115;A Karib-tenger kalózai - A Fekete Gyöngy átka;2003;0;Heltai Olga;Kosztola Tibor
1618;Lee Fierro;Mrs. Kintner;Pásztor Erzsi;131;A cápa I.;1975;1;Soproni Klára;Aprics László
1343;Lee Horsley;Gus seriff;Papp János;118;Django elszabadul;2012;1;Heltai Olga;Báthory Orsolya
1527;Lee Ingleby;Stan Shunpike;Hamvas Dániel;126;Harry Potter és az azkabani fogoly;2004;0;Tóth Tamás;Csörögi István
1727;Lee Van Cleef;Sentenza (Angyalszem);Gruber Hugó;139;Il buono, il brutto, il cattivo;1966;1;Résch Éva;Vas János
1439;Leeanna Walsman;Zam Wesell;Ősi Ildikó;122;Csillagok háborúja II. - A klónok támadás;2002;0;Tóth Tamás;Csörögi István
1521;Lenny Henry;Zanzafej (hangja);Bácskai János;126;Harry Potter és az azkabani fogoly;2004;0;Tóth Tamás;Csörögi István
1327;Leonardo DiCaprio;Calvin Candie;Hevér Gábor;118;Django elszabadul;2012;1;Heltai Olga;Báthory Orsolya
1363;Leonardo DiCaprio;Jordan Belfort;Hevér Gábor;120;A Wall Street farkasa;2013;1;Szabadfalvi András;Dóczi Orsolya
1289;Leonardo DiCaprio;Cobb;Hevér Gábor;116;Eredet;2010;1;Tóth Tamás;Tabák Kata
1173;Leonardo DiCaprio;Billy;Hevér Gábor;109;A tégla;2006;1;Joó Eszter;Báthory Orsolya
1748;Leonid Kinskey;Sascha;Bodrogi Gyula;140;Casablanca;1942;0;Nagy Vilma;Sipos Varga Éva
1473;Leslie Phillips;Teszlek Süveg (hangja);Tardy Balázs;124;Harry Potter és a Bölcsek Köve;2001;0;Tóth Tamás;Csörögi István
1490;Leslie Phillips;Teszlek Süveg (hangja);Tardy Balázs;125;Harry Potter és a Titkok Kamrája;2002;0;Tóth Tamás;Csörögi István
1324;Liam Dickinson;Coop;Zelei Dániel;117;Csillagok között;2014;0;Tóth Tamás;Nikodém Zsigmond
1040;Liam Neeson;Ra's al Ghul;Csernák János;102;A Gyűrűk Ura: A király visszatér;2003;0;Pataricza Eszter;Csörögi István
1395;Liam Neeson;Qui-Gon Jinn;Kovács István;121;Csillagok háborúja I. - Baljós árnyak;1999;0;Tóth Tamás;Csörögi István
1230;Liam Neeson;Henri Ducard;Szakácsi Sándor;113;Batman: Kezdődik!;2005;0;Joó Eszter;Báthory Orsolya
1718;Linda Hamilton;Sarah Connor;Fehér Anna;138;Terminátor - A halálosztó;1984;1;Szojka László;Kozma Attila
1238;Linus Roache;Thomas Wayne;Selmeczi Roland;113;Batman: Kezdődik!;2005;0;Joó Eszter;Báthory Orsolya
1046;Linus Roache;Thomas Wayne;Kálid Artúr;102;A Gyűrűk Ura: A király visszatér;2003;0;Pataricza Eszter;Csörögi István
1640;Lisa Freeman;Babs;Détár Enikő;132;Vissza a jövőbe I.;1985;0;Sarodi Tibor;Kiss Beáta
1085;Liv Tyler;Arwen;Solecki Janka;104;A Gyűrűk Ura: A két torony;2002;0;Pataricza Eszter;Csörögi István
1059;Liv Tyler;Arwen;Solecki Janka;103;A Gyűrűk Ura: A Gyűrű szövetsége;2001;0;Pataricza Eszter;Csörögi István
1696;Lorenzo Caccialanza;Marco;Kárpáti Tibor;136;Drágán add az életed;1988;1;Bari Judit;Mauchner József
1612;Lorraine Gary;Ellen Brody;Kiss Mari;131;A cápa I.;1975;1;Soproni Klára;Aprics László
1750;Lou Marcelle;Narrátor (hangja);Szakáts Miklós;140;Casablanca;1942;0;Nagy Vilma;Sipos Varga Éva
1730;Luigi Pistilli;Pablo Ramirez atya;Dobránszky Zoltán;139;Il buono, il brutto, il cattivo;1966;1;Résch Éva;Vas János
1132;Luis Otávio;Kis Rakéta;Szűcs Balázs;106;Isten városa;2002;1;Abed Hadi Forát;Földi Tamás
1300;Lukas Haas;Nash;Dévai Balázs;116;Eredet;2010;1;Tóth Tamás;Tabák Kata
1341;M.C. Gainey;Nagy John Brittle;Barbinek Péter;118;Django elszabadul;2012;1;Heltai Olga;Báthory Orsolya
1278;Mackenzie Crook;Ragetti;Dolmány Attila;115;A Karib-tenger kalózai - A Fekete Gyöngy átka;2003;0;Heltai Olga;Kosztola Tibor
1307;Mackenzie Foy;Murph fiatalon;Koller Virág;117;Csillagok között;2014;0;Tóth Tamás;Nikodém Zsigmond
1382;Mackenzie Meehan;Hildy Azoff;Czirják Csilla;120;A Wall Street farkasa;2013;1;Szabadfalvi András;Dóczi Orsolya
1745;Madeleine LeBeau;Yvonne;Béres Ilona;140;Casablanca;1942;0;Nagy Vilma;Sipos Varga Éva
1005;Maggie Gyllenhaal;Rachel Dawes;Németh Borbála;101;Batman: A sötét lovag;2008;1;Tóth Tamás;Tabák Kata
1515;Maggie Smith;Minerva McGalagony professzor;Kassai Ilona;126;Harry Potter és az azkabani fogoly;2004;0;Tóth Tamás;Csörögi István
1464;Maggie Smith;Minerva McGalagony professzor;Kassai Ilona;124;Harry Potter és a Bölcsek Köve;2001;0;Tóth Tamás;Csörögi István
1481;Maggie Smith;Minerva McGalagony professzor;Kassai Ilona;125;Harry Potter és a Titkok Kamrája;2002;0;Tóth Tamás;Csörögi István
1711;Marc Aden Gray;Choi;Rába Roland;137;Mátrix;1999;1;Görgényi Tamás;Báthory Orsolya
1634;Marc McClure;Dave McFly;Szolnoki Tibor;132;Vissza a jövőbe I.;1985;0;Sarodi Tibor;Kiss Beáta
1751;Marcel Dalio;Gilbert, krupié;Zentai Ferenc;140;Casablanca;1942;0;Nagy Vilma;Sipos Varga Éva
1704;Marcus Chong;Tank;Görög László;137;Mátrix;1999;1;Görgényi Tamás;Báthory Orsolya
1365;Margot Robbie;Naomi Lapaglia;Zsigmond Tamara;120;A Wall Street farkasa;2013;1;Szabadfalvi András;Dóczi Orsolya
1577;Maria de Medeiros;Fabienne;Györgyi Anna;129;Ponyvaregény;1994;1;Schéry András;Juhász Anna
1200;Marianne Muellerleile;Emma, a tetoválóművész;Téglás Judit;110;Memento;2000;1;Abed Hadi Forát;Nikodém Zsigmond
1735;Mario Brega;Wallace tizedes;Horváth Pál;139;Il buono, il brutto, il cattivo;1966;1;Résch Éva;Vas János
1291;Marion Cotillard;Mal;Györgyi Anna;116;Eredet;2010;1;Tóth Tamás;Tabák Kata
1022;Marion Cotillard;Miranda;Györgyi Anna;102;A Gyűrűk Ura: A király visszatér;2003;0;Pataricza Eszter;Csörögi István
1191;Mark Boone Junior;Burt;Csuja Imre;110;Memento;2000;1;Abed Hadi Forát;Nikodém Zsigmond
1237;Mark Boone Junior;Flass;Besenczi Árpád;113;Batman: Kezdődik!;2005;0;Joó Eszter;Báthory Orsolya
1545;Mark Hamill;Luke Skywalker;Szatmári György;127;Csillagok háborúja V. - A Birodalom visszavág;1980;0;Schéry András;Dr. Márkus Éva
1660;Mark Rolston;Drake közlegény;Dózsa László;134;A bolygó neve: Halál;1986;1;Schéry András;Várkonyi Gyula
1185;Mark Rolston;Delahunt;Varga Tamás;109;A tégla;2006;1;Joó Eszter;Báthory Orsolya
1563;Mark Rolston;Buddy;Végh Péter;128;A remény rabjai;1994;1;Cser László;Szalay Éva
1176;Mark Wahlberg;Dignam;Kálloy Molnár Péter;109;A tégla;2006;1;Joó Eszter;Báthory Orsolya
1519;Mark Williams;Mr. Arthur Weasley;Forgács Gábor;126;Harry Potter és az azkabani fogoly;2004;0;Tóth Tamás;Csörögi István
1484;Mark Williams;Mr. Arthur Weasley;Forgács Gábor;125;Harry Potter és a Titkok Kamrája;2002;0;Tóth Tamás;Csörögi István
1669;Martin Ferrero;Donald Gennaro;Reviczky Gábor;135;Jurassic Park;1993;0;Lajos Géza;Lengyel László
1279;Martin Klebba;Marty;Kapácsy Miklós;115;A Karib-tenger kalózai - A Fekete Gyöngy átka;2003;0;Heltai Olga;Kosztola Tibor
1177;Martin Sheen;Queenan;Papp János;109;A tégla;2006;1;Joó Eszter;Báthory Orsolya
1201;Martina Gedeck;Christa-Maria Sieland;Kováts Adél;111;A mások élete;2006;1;Simon Nóra;Kosztola Tibor
1061;Marton Csokas;Celeborn;Haás Vander Péter;103;A Gyűrűk Ura: A Gyűrű szövetsége;2001;0;Pataricza Eszter;Csörögi István
1066;Martyn Sanderson;Kapuőr;Varga Tamás;103;A Gyűrűk Ura: A Gyűrű szövetsége;2001;0;Pataricza Eszter;Csörögi István
1187;Mary Klug;Billy nagynénje;Illyés Mari;109;A tégla;2006;1;Joó Eszter;Báthory Orsolya
1125;Matheus Nachtergaele;Répa;Seszták Szabolcs;106;Isten városa;2002;1;Abed Hadi Forát;Földi Tamás
1313;Matt Damon;Dr. Mann;Stohl András;117;Csillagok között;2014;0;Tóth Tamás;Nikodém Zsigmond
1174;Matt Damon;Colin;Stohl András;109;A tégla;2006;1;Joó Eszter;Báthory Orsolya
1706;Matt Doran;Mouse;Dévai Balázs;137;Mátrix;1999;1;Görgényi Tamás;Báthory Orsolya
1695;Matt Landers;Mitchell százados;Cs. Németh Lajos;136;Drágán add az életed;1988;1;Bari Judit;Mauchner József
1505;Matthew Lewis;Neville Longbottom;Hám Bertalan;125;Harry Potter és a Titkok Kamrája;2002;0;Tóth Tamás;Csörögi István
1538;Matthew Lewis;Neville Longbottom;Hám Bertalan;126;Harry Potter és az azkabani fogoly;2004;0;Tóth Tamás;Csörögi István
1303;Matthew McConaughey;Cooper;Nagy Ervin;117;Csillagok között;2014;0;Tóth Tamás;Nikodém Zsigmond
1366;Matthew McConaughey;Mark Hanna;Nagy Ervin;120;A Wall Street farkasa;2013;1;Szabadfalvi András;Dóczi Orsolya
1025;Matthew Modine;Foley;Lux Ádám;102;A Gyűrűk Ura: A király visszatér;2003;0;Pataricza Eszter;Csörögi István
1450;Matthew Wood;Grievous tábornok (hangja);Holl Nándor;123;Csillagok háborúja III. - A Sith-ek bosszúja;2005;0;Tóth Tamás;Csörögi István
1208;Matthias Brenner;Karl Wallner;Scherer Péter;111;A mások élete;2006;1;Simon Nóra;Kosztola Tibor
1102;Maureen Lipman;Anya;Hámori Ildikó;105;A zongorista;2002;1;Pallinger Emőke;Orosz Ildikó
1133;Maurício Marques;Rendőrtiszt;Crespo Rodrigo;106;Isten városa;2002;1;Abed Hadi Forát;Földi Tamás
1213;Mélanie Laurent;Shosanna Dreyfus;Pupos Tímea;112;Becstelen brigantyk;2009;1;Fuchs Dániel;Földi Tamás
1281;Michael Berry, Jr.;Twigg;Balázsi Gyula;115;A Karib-tenger kalózai - A Fekete Gyöngy átka;2003;0;Heltai Olga;Kosztola Tibor
1717;Michael Biehn;Kyle Reese;Haás Vander Péter;138;Terminátor - A halálosztó;1984;1;Szojka László;Kozma Attila
1653;Michael Biehn;Dwayne Hicks tizedes;Rátóti Zoltán;134;A bolygó neve: Halál;1986;1;Schéry András;Várkonyi Gyula
1299;Michael Caine;Miles;Fülöp Zsigmond;116;Eredet;2010;1;Tóth Tamás;Tabák Kata
1024;Michael Caine;Alfred Pennyworth;Fülöp Zsigmond;102;A Gyűrűk Ura: A király visszatér;2003;0;Pataricza Eszter;Csörögi István
1161;Michael Caine;Cutter;Fülöp Zsigmond;108;A tökéletes trükk;2006;0;Szép Erzsébet;Rehorovszky Béla
1229;Michael Caine;Alfred Pennyworth;Fülöp Zsigmond;113;Batman: Kezdődik!;2005;0;Joó Eszter;Báthory Orsolya
1004;Michael Caine;Alfred Pennyworth;Fülöp Zsigmond;101;Batman: A sötét lovag;2008;1;Tóth Tamás;Tabák Kata
1305;Michael Caine;Brand professzor;Fülöp Zsigmond;117;Csillagok között;2014;0;Tóth Tamás;Nikodém Zsigmond
1216;Michael Fassbender;Archie Hicox hadnagy;Seder Gábor;112;Becstelen brigantyk;2009;1;Fuchs Dániel;Földi Tamás
1514;Michael Gambon;Albus Dumbledore;Makay Sándor;126;Harry Potter és az azkabani fogoly;2004;0;Tóth Tamás;Csörögi István
1597;Michael Gilden;Phillip Morris-os törpe;Szokol Péter;129;Ponyvaregény;1994;1;Schéry András;Juhász Anna
1625;Michael J. Fox;Marty McFly;Rudolf Péter;132;Vissza a jövőbe I.;1985;0;Sarodi Tibor;Kiss Beáta
1344;Michael Parks;Roy, rabszolgaszállító;Bezerédi Zoltán;118;Django elszabadul;2012;1;Heltai Olga;Báthory Orsolya
1676;Miguel Sandoval;Juanito Rostagno;Kisfalussy Bálint;135;Jurassic Park;1993;0;Lajos Géza;Lengyel László
1224;Mike Myers;Ed Fenech tábornok;Imre István;112;Becstelen brigantyk;2009;1;Fuchs Dániel;Földi Tamás
1079;Miranda Otto;Éowyn;Györgyi Anna;104;A Gyűrűk Ura: A két torony;2002;0;Pataricza Eszter;Csörögi István
1348;Miriam F. Glover;Betina;Papp Lujza;118;Django elszabadul;2012;1;Heltai Olga;Báthory Orsolya
1489;Miriam Margolyes;Pomona Bimba professzor;Szabó Éva;125;Harry Potter és a Titkok Kamrája;2002;0;Tóth Tamás;Csörögi István
1008;Monique Curnen;Anna Ramirez nyomozó;Pap Kati;101;Batman: A sötét lovag;2008;1;Tóth Tamás;Tabák Kata
1007;Morgan Freeman;Lucius Fox;Reviczky Gábor;101;Batman: A sötét lovag;2008;1;Tóth Tamás;Tabák Kata
1239;Morgan Freeman;Lucius Fox;Kristóf Tibor;113;Batman: Kezdődik!;2005;0;Joó Eszter;Báthory Orsolya
1558;Morgan Freeman;Ellis Boyd `Red` Redding;Papp János;128;A remény rabjai;1994;1;Cser László;Szalay Éva
1023;Morgan Freeman;Lucius Fox;Reviczky Gábor;102;A Gyűrűk Ura: A király visszatér;2003;0;Pataricza Eszter;Csörögi István
1613;Murray Hamilton;Larry Vaughn polgármester;Dobránszky Zoltán;131;A cápa I.;1975;1;Soproni Klára;Aprics László
1441;Natalie Portman;Padmé Amidala;Zsigmond Tamara;123;Csillagok háborúja III. - A Sith-ek bosszúja;2005;0;Tóth Tamás;Csörögi István
1418;Natalie Portman;Padmé Amidala szenátornő;Zsigmond Tamara;122;Csillagok háborúja II. - A klónok támadás;2002;0;Tóth Tamás;Csörögi István
1393;Natalie Portman;Padmé Amidala királynő;Zsigmond Tamara;121;Csillagok háborúja I. - Baljós árnyak;1999;0;Tóth Tamás;Csörögi István
1094;Nathaniel Lees;Uglúk;Bolla Róbert;104;A Gyűrűk Ura: A két torony;2002;0;Pataricza Eszter;Csörögi István
1567;Neil Giuntoli;Jigger;Holl Nándor;128;A remény rabjai;1994;1;Cser László;Szalay Éva
1031;Nestor Carbonell;Anthony Garcia polgármester;Király Attila;102;A Gyűrűk Ura: A király visszatér;2003;0;Pataricza Eszter;Csörögi István
1011;Nestor Carbonell;Anthony Garcia polgármester;Király Attila;101;Batman: A sötét lovag;2008;1;Tóth Tamás;Tabák Kata
1358;Nicky Marbot;Rendőr;Thuróczy Szabolcs;119;Életrevalók;2011;0;Molnár Anna;Dóczi Orsolya
1113;Nomi Sharron;Tollas nő;Kiss Eszter;105;A zongorista;2002;1;Pallinger Emőke;Orosz Ildikó
1435;Oliver Ford Davies;Sio Bibble kormányzó;Szélyes Imre;122;Csillagok háborúja II. - A klónok támadás;2002;0;Tóth Tamás;Csörögi István
1411;Oliver Ford Davies;Sio Bibble kormányzó;Szélyes Imre;121;Csillagok háborúja I. - Baljós árnyak;1999;0;Tóth Tamás;Csörögi István
1501;Oliver Phelps;George Weasley;Kováts Dániel;125;Harry Potter és a Titkok Kamrája;2002;0;Tóth Tamás;Csörögi István
1534;Oliver Phelps;George Weasley;Kováts Dániel;126;Harry Potter és az azkabani fogoly;2004;0;Tóth Tamás;Csörögi István
1145;Oliver Reed;Proximo;Kránitz Lajos;107;Gladiátor;2000;1;Speier Dávid;Dóczi Orsolya
1092;Olivia Tennet;Freda;Bánlaki Kelly;104;A Gyűrűk Ura: A két torony;2002;0;Pataricza Eszter;Csörögi István
1220;Omar Doom;Omar Ulmer őrvezető;Király Adrián;112;Becstelen brigantyk;2009;1;Fuchs Dániel;Földi Tamás
1350;Omar Sy;Driss;Galambos Péter;119;Életrevalók;2011;0;Molnár Anna;Dóczi Orsolya
1157;Omid Djalili;Rabszolgakereskedő;Sótonyi Gábor;107;Gladiátor;2000;1;Speier Dávid;Dóczi Orsolya
1054;Orlando Bloom;Legolas;Rékasi Károly;103;A Gyűrűk Ura: A Gyűrű szövetsége;2001;0;Pataricza Eszter;Csörögi István
1271;Orlando Bloom;Will Turner;Csőre Gábor;115;A Karib-tenger kalózai - A Fekete Gyöngy átka;2003;0;Heltai Olga;Kosztola Tibor
1075;Orlando Bloom;Legolas;Rékasi Károly;104;A Gyűrűk Ura: A két torony;2002;0;Pataricza Eszter;Csörögi István
1376;P.J. Byrne;Nicky Koskoff;Kovács Lehel;120;A Wall Street farkasa;2013;1;Szabadfalvi András;Dóczi Orsolya
1528;Pam Ferris;Marge néni;Győry Franciska;126;Harry Potter és az azkabani fogoly;2004;0;Tóth Tamás;Csörögi István
1110;Paul Bradley;Yehuda;Háda János;105;A zongorista;2002;1;Pallinger Emőke;Orosz Ildikó
1583;Paul Calderon;Paul;Kocsis György;129;Ponyvaregény;1994;1;Schéry András;Juhász Anna
1602;Paul Freeman;Dr. Rene Belloq;Versényi László;130;Az elveszett frigyláda fosztogatói;1981;0;Schéry András;Kosztola Tibor
1684;Paul Gleason;Dwayne T. Robinson helyettes rendőrfőnök;Uri István;136;Drágán add az életed;1988;1;Bari Judit;Mauchner József
1709;Paul Goddard;Brown ügynök;Rosta Sándor;137;Mátrix;1999;1;Görgényi Tamás;Báthory Orsolya
1740;Paul Henreid;Victor Laszlo;Avar István;140;Casablanca;1942;0;Nagy Vilma;Sipos Varga Éva
1655;Paul Reiser;Carter Burke;Balázsi Gyula;134;A bolygó neve: Halál;1986;1;Schéry András;Várkonyi Gyula
1543;Paul Whitehouse;Sir Cadogan;Harsányi Gábor;126;Harry Potter és az azkabani fogoly;2004;0;Tóth Tamás;Csörögi István
1719;Paul Winfield;Ed Traxler hadnagy;Barbinek Péter;138;Terminátor - A halálosztó;1984;1;Szojka László;Kozma Attila
1426;Pernilla August;Shmi Skywalker-Lars;Spilák Klára;122;Csillagok háborúja II. - A klónok támadás;2002;0;Tóth Tamás;Csörögi István
1402;Pernilla August;Shmi Skywalker;Spilák Klára;121;Csillagok háborúja I. - Baljós árnyak;1999;0;Tóth Tamás;Csörögi István
1298;Pete Postlethwaite;Maurice Fischer;Forgács Gábor;116;Eredet;2010;1;Tóth Tamás;Tabák Kata
1621;Peter Benchley;TV-riporter;Kautzky Armand;131;A cápa I.;1975;1;Soproni Klára;Aprics László
1585;Peter Greene;Zed;Szakácsi Sándor;129;Ponyvaregény;1994;1;Schéry András;Juhász Anna
1744;Peter Lorre;Ugarte;Harkányi Endre;140;Casablanca;1942;0;Nagy Vilma;Sipos Varga Éva
1111;Peter Rappenglück;Beszédet mondó SS-tiszt;Várkonyi András;105;A zongorista;2002;1;Pallinger Emőke;Orosz Ildikó
1122;Phellipe Haagensen;Bené;Simonyi Balázs;106;Isten városa;2002;1;Abed Hadi Forát;Földi Tamás
1588;Phil LaMarr;Marvin;Hevér Gábor;129;Ponyvaregény;1994;1;Schéry András;Juhász Anna
1162;Piper Perabo;Julia McCullough;Csondor Kata;108;A tökéletes trükk;2006;0;Szép Erzsébet;Rehorovszky Béla
1591;Quentin Tarantino;Jimmie;Gesztesi Károly;129;Ponyvaregény;1994;1;Schéry András;Juhász Anna
1346;Quentin Tarantino;Jano, rabszolgaszállító;Alföldi Róbert;118;Django elszabadul;2012;1;Heltai Olga;Báthory Orsolya
1246;Rade Serbedzija;Hajléktalan;Reviczky Gábor;113;Batman: Kezdődik!;2005;0;Joó Eszter;Báthory Orsolya
1152;Ralf Möller;Hagen;F. Nagy Zoltán;107;Gladiátor;2000;1;Speier Dávid;Dóczi Orsolya
1407;Ralph Brown;Ric Olié;Cs. Németh Lajos;121;Csillagok háborúja I. - Baljós árnyak;1999;0;Tóth Tamás;Csörögi István
1288;Ralph P. Martin;Mr. Brown;Pethes Csaba;115;A Karib-tenger kalózai - A Fekete Gyöngy átka;2003;0;Heltai Olga;Kosztola Tibor
1472;Ray Fearon;Firenze (hangja);Koncz István;124;Harry Potter és a Bölcsek Köve;2001;0;Tóth Tamás;Csörögi István
1400;Ray Park;Darth Maul;Zágoni Zsolt;121;Csillagok háborúja I. - Baljós árnyak;1999;0;Tóth Tamás;Csörögi István
1178;Ray Winstone;Francia;Faragó András;109;A tégla;2006;1;Joó Eszter;Báthory Orsolya
1163;Rebecca Hall;Sarah;Haumann Petra;108;A tökéletes trükk;2006;0;Szép Erzsébet;Rehorovszky Béla
1681;Reginald VelJohnson;Al Powell őrmester;Bata János;136;Drágán add az életed;1988;1;Bari Judit;Mauchner József
1140;Renato de Souza;Bunkó;Borbíró András;106;Isten városa;2002;1;Abed Hadi Forát;Földi Tamás
1362;Renaud Barse;Ápolójelölt;Makranczi Zalán;119;Életrevalók;2011;0;Molnár Anna;Dóczi Orsolya
1661;Ricco Ross;Frost közlegény;Nagy Gábor;134;A bolygó neve: Halál;1986;1;Schéry András;Várkonyi Gyula
1599;Rich Turner;Sportriporter (hangja);Koncz István;129;Ponyvaregény;1994;1;Schéry András;Juhász Anna
1667;Richard Attenborough;John Hammond;Velenczey István;135;Jurassic Park;1993;0;Lajos Géza;Lengyel László
1245;Richard Brake;Joe Chill;Bicskey Lukács;113;Batman: Kezdődik!;2005;0;Joó Eszter;Báthory Orsolya
1469;Richard Bremmer;Lord Voldemort;Kőszegi Ákos;124;Harry Potter és a Bölcsek Köve;2001;0;Tóth Tamás;Csörögi István
1611;Richard Dreyfuss;Matt Hooper;Görög László;131;A cápa I.;1975;1;Soproni Klára;Aprics László
1530;Richard Griffiths;Vernon Dursley bácsi;Balázs Péter;126;Harry Potter és az azkabani fogoly;2004;0;Tóth Tamás;Csörögi István
1497;Richard Griffiths;Vernon Dursley bácsi;Balázs Péter;125;Harry Potter és a Titkok Kamrája;2002;0;Tóth Tamás;Csörögi István
1463;Richard Harris;Albus Dumbledore;Makay Sándor;124;Harry Potter és a Bölcsek Köve;2001;0;Tóth Tamás;Csörögi István
1480;Richard Harris;Albus Dumbledore;Makay Sándor;125;Harry Potter és a Titkok Kamrája;2002;0;Tóth Tamás;Csörögi István
1146;Richard Harris;Marcus Aurelius;Kristóf Tibor;107;Gladiátor;2000;1;Speier Dávid;Dóczi Orsolya
1679;Richard Kiley;Jurassic Park Tour idegenvezetőhang (hangja);Kardos Gábor;135;Jurassic Park;1993;0;Lajos Géza;Lengyel László
1759;Richard Ryen;Heinz, Strasser őrnagy szárnysegédje;Farkas Antal;140;Casablanca;1942;0;Nagy Vilma;Sipos Varga Éva
1226;Richard Sammel;Werner Rachtman őrmester;Beratin Gábor;112;Becstelen brigantyk;2009;1;Fuchs Dániel;Földi Tamás
1723;Rick Rossovich;Matt Buchanan;Seder Gábor;138;Terminátor - A halálosztó;1984;1;Szojka László;Kozma Attila
1170;Ricky Jay;Milton;Áron László;108;A tökéletes trükk;2006;0;Szép Erzsébet;Rehorovszky Béla
1013;Ritchie Coster;Csecsenföldi ember;Háda János;101;Batman: A sötét lovag;2008;1;Tóth Tamás;Tabák Kata
1368;Rob Reiner;Max Belfort;Forgács Gábor;120;A Wall Street farkasa;2013;1;Szabadfalvi András;Dóczi Orsolya
1513;Robbie Coltrane;Rubeus Hagrid;Hollósi Frigyes;126;Harry Potter és az azkabani fogoly;2004;0;Tóth Tamás;Csörögi István
1462;Robbie Coltrane;Rubeus Hagrid;Hollósi Frigyes;124;Harry Potter és a Bölcsek Köve;2001;0;Tóth Tamás;Csörögi István
1479;Robbie Coltrane;Rubeus Hagrid;Hollósi Frigyes;125;Harry Potter és a Titkok Kamrája;2002;0;Tóth Tamás;Csörögi István
1095;Robbie Magasiva;Mauhur;Vass Gábor;104;A Gyűrűk Ura: A két torony;2002;0;Pataricza Eszter;Csörögi István
1623;Robert Chambers;Charlie;Melis Gábor;131;A cápa I.;1975;1;Soproni Klára;Aprics László
1693;Robert Davi;Johnson különleges FBI-ügynök;Szokolay Ottó;136;Drágán add az életed;1988;1;Bari Judit;Mauchner József
1526;Robert Hardy;Cornelius Caramel;Versényi László;126;Harry Potter és az azkabani fogoly;2004;0;Tóth Tamás;Csörögi István
1493;Robert Hardy;Cornelius Caramel;Versényi László;125;Harry Potter és a Titkok Kamrája;2002;0;Tóth Tamás;Csörögi István
1620;Robert Nevin;Orvosszakértő;Versényi László;131;A cápa I.;1975;1;Soproni Klára;Aprics László
1589;Robert Ruth;Kávézófőnök;Barbinek Péter;129;Ponyvaregény;1994;1;Schéry András;Juhász Anna
1610;Robert Shaw;Quint;Szersén Gyula;131;A cápa I.;1975;1;Soproni Klára;Aprics László
1710;Robert Taylor;Jones ügynök;Sörös Sándor;137;Mátrix;1999;1;Görgényi Tamás;Báthory Orsolya
1131;Roberta Rodrigues;Berenice;Szénási Kata;106;Isten városa;2002;1;Abed Hadi Forát;Földi Tamás
1136;Robson Rocha;Gerson;Nagy Máté;106;Isten városa;2002;1;Abed Hadi Forát;Földi Tamás
1091;Robyn Malcolm;Morwen;Spilák Klára;104;A Gyűrűk Ura: A két torony;2002;0;Pataricza Eszter;Csörögi István
1225;Rod Taylor;Winston Churchill;Kajtár Róbert;112;Becstelen brigantyk;2009;1;Fuchs Dániel;Földi Tamás
1168;Roger Rees;Owens;Végh Péter;108;A tökéletes trükk;2006;0;Szép Erzsébet;Rehorovszky Béla
1458;Rohan Nichol;Antilles kapitány;Seder Gábor;123;Csillagok háborúja III. - A Sith-ek bosszúja;2005;0;Tóth Tamás;Csörögi István
1009;Ron Dean;Wuertz nyomozó;Orosz István;101;Batman: A sötét lovag;2008;1;Tóth Tamás;Tabák Kata
1169;Ron Perkins;Hoteligazgató;Pálfai Péter;108;A tökéletes trükk;2006;0;Szép Erzsébet;Rehorovszky Béla
1603;Ronald Lacey Rona;Toht őrnagy;Harkányi Endre;130;Az elveszett frigyláda fosztogatói;1981;0;Schéry András;Kosztola Tibor
1580;Rosanna Arquette;Jody;Spilák Klára;129;Ponyvaregény;1994;1;Schéry András;Juhász Anna
1715;Rowan Witt;Kanalas srác;Lóránt Balázs;137;Mátrix;1999;1;Görgényi Tamás;Báthory Orsolya
1609;Roy Scheider;Martin Brody rendőrfőnök;Dunai Tamás;131;A cápa I.;1975;1;Soproni Klára;Aprics László
1460;Rupert Grint;Ron Weasley;Berkes Bence;124;Harry Potter és a Bölcsek Köve;2001;0;Tóth Tamás;Csörögi István
1477;Rupert Grint;Ron Weasley;Berkes Bence;125;Harry Potter és a Titkok Kamrája;2002;0;Tóth Tamás;Csörögi István
1511;Rupert Grint;Ron Weasley;Berkes Bence;126;Harry Potter és az azkabani fogoly;2004;0;Tóth Tamás;Csörögi István
1198;Russ Fega;Pincér;Hegedüs Miklós;110;Memento;2000;1;Abed Hadi Forát;Nikodém Zsigmond
1142;Russell Crowe;Maximus;Vass Gábor;107;Gladiátor;2000;1;Speier Dávid;Dóczi Orsolya
1235;Rutger Hauer;Earle;Barbinek Péter;113;Batman: Kezdődik!;2005;0;Joó Eszter;Báthory Orsolya
1117;Ruth Platt;Janina;Orosz Anna;105;A zongorista;2002;1;Pallinger Emőke;Orosz Ildikó
1664;Sam Neill;Dr. Alan Grant;Dörner György;135;Jurassic Park;1993;0;Lajos Géza;Lengyel László
1445;Samuel L. Jackson;Mace Windu;Kőszegi Ákos;123;Csillagok háborúja III. - A Sith-ek bosszúja;2005;0;Tóth Tamás;Csörögi István
1572;Samuel L. Jackson;Jules Winnfield;Gáti Oszkár;129;Ponyvaregény;1994;1;Schéry András;Juhász Anna
1421;Samuel L. Jackson;Mace Windu;Kőszegi Ákos;122;Csillagok háborúja II. - A klónok támadás;2002;0;Tóth Tamás;Csörögi István
1672;Samuel L. Jackson;Ray Arnold;Jakab Csaba;135;Jurassic Park;1993;0;Lajos Géza;Lengyel László
1329;Samuel L. Jackson;Stephen;Reviczky Gábor;118;Django elszabadul;2012;1;Heltai Olga;Báthory Orsolya
1397;Samuel L. Jackson;Mace Windu;Kőszegi Ákos;121;Csillagok háborúja I. - Baljós árnyak;1999;0;Tóth Tamás;Csörögi István
1243;Sara Stewart;Martha Wayne;Incze Ildikó;113;Batman: Kezdődik!;2005;0;Joó Eszter;Báthory Orsolya
1164;Scarlett Johansson;Olivia Wenscombe;Ruttkay Laura;108;A tökéletes trükk;2006;0;Szép Erzsébet;Rehorovszky Béla
1071;Sean Astin;Samu;Kerekes József;104;A Gyűrűk Ura: A két torony;2002;0;Pataricza Eszter;Csörögi István
1050;Sean Astin;Samu;Kerekes József;103;A Gyűrűk Ura: A Gyűrű szövetsége;2001;0;Pataricza Eszter;Csörögi István
1055;Sean Bean;Boromir;Sinkovits-Vitay András;103;A Gyűrűk Ura: A Gyűrű szövetsége;2001;0;Pataricza Eszter;Csörögi István
1203;Sebastian Koch;Georg Dreyman;Csernák János;111;A mások élete;2006;1;Simon Nóra;Kosztola Tibor
1126;Seu Jorge;Csirke;Galambos Péter;106;Isten városa;2002;1;Abed Hadi Forát;Földi Tamás
1254;Shane Rimmer;Vízügyi technikus;Breyer László;113;Batman: Kezdődik!;2005;0;Joó Eszter;Báthory Orsolya
1725;Shawn Schepps;Nancy;Kerekes Andrea;138;Terminátor - A halálosztó;1984;1;Szojka László;Kozma Attila
1374;Shea Whigham;Ted Beecham kapitány;Szatory Dávid;120;A Wall Street farkasa;2013;1;Szabadfalvi András;Dóczi Orsolya
1509;Shirley Henderson;Hisztis Mirtyl;Huszárik Kata;125;Harry Potter és a Titkok Kamrája;2002;0;Tóth Tamás;Csörögi István
1651;Sigourney Weaver;Ellen Ripley;Farkas Zsuzsa;134;A bolygó neve: Halál;1986;1;Schéry András;Várkonyi Gyula
1644;Sigourney Weaver;Ripley;Menszátor Magdolna;133;A nyolcadik utas: a Halál;1979;1;Gonda Miklós;Tomasevics Zorka
1437;Silas Carson;Nute Gunray helytartó;Horányi László;122;Csillagok háborúja II. - A klónok támadás;2002;0;Tóth Tamás;Csörögi István
1455;Silas Carson;Ki-Adi-Mundi;Dobránszky Zoltán;123;Csillagok háborúja III. - A Sith-ek bosszúja;2005;0;Tóth Tamás;Csörögi István
1413;Silas Carson;Nute Gunray helytartó;Horányi László;121;Csillagok háborúja I. - Baljós árnyak;1999;0;Tóth Tamás;Csörögi István
1457;Silas Carson;Nute Gunray;Horányi László;123;Csillagok háborúja III. - A Sith-ek bosszúja;2005;0;Tóth Tamás;Csörögi István
1434;Silas Carson;Ki-Adi-Mundi;Dobránszky Zoltán;122;Csillagok háborúja II. - A klónok támadás;2002;0;Tóth Tamás;Csörögi István
1410;Silas Carson;Ki-Adi-Mundi;Dobránszky Zoltán;121;Csillagok háborúja I. - Baljós árnyak;1999;0;Tóth Tamás;Csörögi István
1153;Spencer Treat Clark;Lucius;Kováts Dániel;107;Gladiátor;2000;1;Speier Dávid;Dóczi Orsolya
1386;Stephanie Kurtzuba;Kimmie Belzer;Kocsis Mariann;120;A Wall Street farkasa;2013;1;Szabadfalvi András;Dóczi Orsolya
1586;Stephen Hibbert;A béna;(nem szó;129;Ponyvaregény;1994;1;Schéry András;Juhász Anna
1390;Stephen Kunken;Jerry Fogel;Fazekas István;120;A Wall Street farkasa;2013;1;Szabadfalvi András;Dóczi Orsolya
1192;Stephen Tobolowsky;Sammy;Konrád Antal;110;Memento;2000;1;Abed Hadi Forát;Nikodém Zsigmond
1096;Stephen Ure;Grisnák;Rudas István;104;A Gyűrűk Ura: A két torony;2002;0;Pataricza Eszter;Csörögi István
1409;Steven Spiers;Tarpals kapitány;Vizy György;121;Csillagok háborúja I. - Baljós árnyak;1999;0;Tóth Tamás;Csörögi István
1616;Susan Backlinie;Christine `Chrissie` Watkins;Balázs Ági;131;A cápa I.;1975;1;Soproni Klára;Aprics László
1156;Sven-Ole Thorsen;Tigris;Pethes Csaba;107;Gladiátor;2000;1;Speier Dávid;Dóczi Orsolya
1743;Sydney Greenstreet;Signor Ferrari;Györffy György;140;Casablanca;1942;0;Nagy Vilma;Sipos Varga Éva
1301;Taylor Geare;Phillipa 5 évesen;Győriványi Laura;116;Eredet;2010;1;Tóth Tamás;Tabák Kata
1423;Temuera Morrison;Jango Fett;Berzsenyi Zoltán;122;Csillagok háborúja II. - A klónok támadás;2002;0;Tóth Tamás;Csörögi István
1447;Temuera Morrison;Cody parancsnok;Berzsenyi Zoltán;123;Csillagok háborúja III. - A Sith-ek bosszúja;2005;0;Tóth Tamás;Csörögi István
1251;Tenzin Gyurme;Öreg himalájai férfi;Versényi László;113;Batman: Kezdődik!;2005;0;Joó Eszter;Báthory Orsolya
1401;Terence Stamp;Valorum főkancellár;Varga T. József;121;Csillagok háborúja I. - Baljós árnyak;1999;0;Tóth Tamás;Csörögi István
1137;Thiago Martins;Lampião;Tóth Zoltán Tó;106;Isten városa;2002;1;Abed Hadi Forát;Földi Tamás
1629;Thomas F. Wilson;Biff Tannen;Sipos András;132;Vissza a jövőbe I.;1985;0;Sarodi Tibor;Kiss Beáta
1119;Thomas Kretschmann;Wilm Hosenfeld százados;Rékasi Károly;105;A zongorista;2002;1;Pallinger Emőke;Orosz Ildikó
1035;Thomas Lennon;Orvos;Dévai Balázs;102;A Gyűrűk Ura: A király visszatér;2003;0;Pataricza Eszter;Csörögi István
1199;Thomas Lennon;Orvos;Moser Károly;110;Memento;2000;1;Abed Hadi Forát;Nikodém Zsigmond
1389;Thomas Middleditch;Csokornyakkendős bróker;Szabó Máté;120;A Wall Street farkasa;2013;1;Szabadfalvi András;Dóczi Orsolya
1205;Thomas Thieme;Bruno Hempf miniszter;Ujlaki Dénes;111;A mások élete;2006;1;Simon Nóra;Kosztola Tibor
1217;Til Schweiger;Hugo Stiglitz őrmester;Stohl András;112;Becstelen brigantyk;2009;1;Fuchs Dániel;Földi Tamás
1557;Tim Robbins;Andy Dufresne;Haás Vander Péter;128;A remény rabjai;1994;1;Cser László;Szalay Éva
1575;Tim Roth;Tökfej (Ringo);Mácsai Pál;129;Ponyvaregény;1994;1;Schéry András;Juhász Anna
1316;Timothée Chalamet;Tom fiatalon;Czető Ádám;117;Csillagok között;2014;0;Tóth Tamás;Nikodém Zsigmond
1253;Timothy Deenihan;Férfi vendég az étteremben;Kapácsy Miklós;113;Batman: Kezdődik!;2005;0;Joó Eszter;Báthory Orsolya
1525;Timothy Spall;Peter Pettigrew (Féregfark);Tahi József;126;Harry Potter és az azkabani fogoly;2004;0;Tóth Tamás;Csörögi István
1492;Toby Jones;Dobby, a házi manó (hangja);Cseke Péter;125;Harry Potter és a Titkok Kamrája;2002;0;Tóth Tamás;Csörögi István
1297;Tom Berenger;Peter Browning;Sörös Sándor;116;Eredet;2010;1;Tóth Tamás;Tabák Kata
1042;Tom Conti;Rab;Körtvélyessy Zsolt;102;A Gyűrűk Ura: A király visszatér;2003;0;Pataricza Eszter;Csörögi István
1539;Tom Felton;Draco Malfoy;Borbíró András;126;Harry Potter és az azkabani fogoly;2004;0;Tóth Tamás;Csörögi István
1506;Tom Felton;Draco Malfoy;Borbíró András;125;Harry Potter és a Titkok Kamrája;2002;0;Tóth Tamás;Csörögi István
1294;Tom Hardy;Eames;Király Attila;116;Eredet;2010;1;Tóth Tamás;Tabák Kata
1019;Tom Hardy;Bane;László Zsolt;102;A Gyűrűk Ura: A király visszatér;2003;0;Pataricza Eszter;Csörögi István
1643;Tom Skerritt;Dallas;Harmath Imre;133;A nyolcadik utas: a Halál;1979;1;Gonda Miklós;Tomasevics Zorka
1118;Tom Strauss;Dr. Luczak;Gruber Hugó;105;A zongorista;2002;1;Pallinger Emőke;Orosz Ildikó
1234;Tom Wilkinson;Carmine Falcone;Szilágyi Tibor;113;Batman: Kezdődik!;2005;0;Joó Eszter;Báthory Orsolya
1338;Tom Wopat;Gill Tatum rendőrbíró;Ganxsta Zolee;118;Django elszabadul;2012;1;Heltai Olga;Báthory Orsolya
1043;Tomas Arana;Wayne ügyvédje;Tarján Péter;102;A Gyűrűk Ura: A király visszatér;2003;0;Pataricza Eszter;Csörögi István
1151;Tomas Arana;Quintus;Rosta Sándor;107;Gladiátor;2000;1;Speier Dávid;Dóczi Orsolya
1155;Tommy Flanagan;Cicero;Viczián Ottó;107;Gladiátor;2000;1;Speier Dávid;Dóczi Orsolya
1314;Topher Grace;Getty;Simon Kornél;117;Csillagok között;2014;0;Tóth Tamás;Nikodém Zsigmond
1756;Torben Meyer;Holland bankár a kaszinóban;Velenczey István;140;Casablanca;1942;0;Nagy Vilma;Sipos Varga Éva
1282;Treva Etienne;Koehler;Bicskey Lukács;115;A Karib-tenger kalózai - A Fekete Gyöngy átka;2003;0;Heltai Olga;Kosztola Tibor
1250;Turbo Kong;Nagydarab rab;Faragó András;113;Batman: Kezdődik!;2005;0;Joó Eszter;Báthory Orsolya
1202;Ulrich Mühe;Gerd Wiesler százados;Sörös Sándor;111;A mások élete;2006;1;Simon Nóra;Kosztola Tibor
1204;Ulrich Tukur;Anton Grubitz alezredes;Szombathy Gyula;111;A mások élete;2006;1;Simon Nóra;Kosztola Tibor
1573;Uma Thurman;Mia Wallace;Für Anikó;129;Ponyvaregény;1994;1;Schéry András;Juhász Anna
1037;Uri Gavriel;Vak rab;Varga Tamás;102;A Gyűrűk Ura: A király visszatér;2003;0;Pataricza Eszter;Csörögi István
1107;Valentine Pelka;Dorota férje;Harmath Imre;105;A zongorista;2002;1;Pallinger Emőke;Orosz Ildikó
1179;Vera Farmiga;Madolyn;Peller Anna;109;A tégla;2006;1;Joó Eszter;Báthory Orsolya
1475;Verne Troyer;Ampók;Katona Zoltán;124;Harry Potter és a Bölcsek Köve;2001;0;Tóth Tamás;Csörögi István
1645;Veronica Cartwright;Lambert;Jani Ildikó;133;A nyolcadik utas: a Halál;1979;1;Gonda Miklós;Tomasevics Zorka
1608;Vic Tablian;Barranca;Csíkos Gábor ;130;Az elveszett frigyláda fosztogatói;1981;0;Schéry András;Kosztola Tibor
1049;Viggo Mortensen;Aragorn;Selmeczi Roland;103;A Gyűrűk Ura: A Gyűrű szövetsége;2001;0;Pataricza Eszter;Csörögi István
1070;Viggo Mortensen;Aragorn;Selmeczi Roland;104;A Gyűrűk Ura: A két torony;2002;0;Pataricza Eszter;Csörögi István
1249;Vincent Wong;Öreg ázsiai rab;Botár Endre;113;Batman: Kezdődik!;2005;0;Joó Eszter;Báthory Orsolya
1578;Ving Rhames;Marsellus Wallace;Kránitz Lajos;129;Ponyvaregény;1994;1;Schéry András;Juhász Anna
1207;Volkmar Kleinert;Albert Jerska;Pálfai Péter;111;A mások élete;2006;1;Simon Nóra;Kosztola Tibor
1044;Wade Williams;Börtönigazgató;Törköly Levente;102;A Gyűrűk Ura: A király visszatér;2003;0;Pataricza Eszter;Csörögi István
1330;Walton Goggins;Billy Crash;Makranczi Zalán;118;Django elszabadul;2012;1;Heltai Olga;Báthory Orsolya
1504;Warwick Davis;Filius Flitwick professzor;Szokol Péter;125;Harry Potter és a Titkok Kamrája;2002;0;Tóth Tamás;Csörögi István
1674;Wayne Knight;Dennis Nedry;Gesztesi Károly;135;Jurassic Park;1993;0;Lajos Géza;Lengyel László
1635;Wendie Jo Sperber;Linda McFly;Balogh Erika;132;Vissza a jövőbe I.;1985;0;Sarodi Tibor;Kiss Beáta
1312;Wes Bentley;Doyle;Makranczi Zalán;117;Csillagok között;2014;0;Tóth Tamás;Nikodém Zsigmond
1685;William Atherton;Richard Thornburg;Dimulász Miklós;136;Drágán add az életed;1988;1;Bari Judit;Mauchner József
1322;William Devane;William;Szersén Gyula;117;Csillagok között;2014;0;Tóth Tamás;Nikodém Zsigmond
1039;William Devane;Amerikai elnök;Várkonyi András;102;A Gyűrűk Ura: A király visszatér;2003;0;Pataricza Eszter;Csörögi István
1657;William Hope;Gorman hadnagy;Gáti Oszkár;134;A bolygó neve: Halál;1986;1;Schéry András;Várkonyi Gyula
1171;William Morgan Sheppard;Merrit;Szersén Gyula;108;A tökéletes trükk;2006;0;Szép Erzsébet;Rehorovszky Béla
1560;William Sadler;Heywood;Dörner György;128;A remény rabjai;1994;1;Cser László;Szalay Éva
1606;Wolf Kahler;Dietrich ezredes;Barbinek Péter;130;Az elveszett frigyláda fosztogatói;1981;0;Schéry András;Kosztola Tibor
1649;Yaphet Kotto;Parker;Varga Tamás;133;A nyolcadik utas: a Halál;1979;1;Gonda Miklós;Tomasevics Zorka
1283;Zoe Saldana;Anamaria;F. Nagy Erika;115;A Karib-tenger kalózai - A Fekete Gyöngy átka;2003;0;Heltai Olga;Kosztola Tibor
1470;Zoë Wanamaker;Madame Hooch;Szabó Éva;124;Harry Potter és a Bölcsek Köve;2001;0;Tóth Tamás;Csörögi István
